Iteration,Param_1,Param_2,Param_3,Param_4,Param_5,Param_6,Param_7,Param_8,Param_9,Param_10,Param_11,Param_12,Chi2/dof
1,0.118,1.2378108145010729,0.9735765761665475,0.26423423833452553,0.0,66.53027893677529
2,0.118,1.2476038972471426,0.9504452085154858,0.20692085273118355,0.07719185352000711,41.3232116856722
3,0.118,1.3470126401168683,0.9218748081828363,0.21717292966257268,0.16141234760129028,28.213744458911446
4,0.118,1.6219338418993723,0.9121644272188667,0.3075989095725314,0.34582257955723894,13.302113598941698
5,0.118,1.8549934702090534,1.0429133854179866,0.40229093028957563,0.495541865170926,7.985379009504176
6,0.118,2.0207257036707604,1.1108511904355138,0.4562779575802862,0.43447694394434033,5.809267591270659
7,0.118,2.250802501447578,1.2268417367967426,0.5247240840596183,0.3270240311382258,4.0010089344550535
8,0.118,2.3589076387442676,1.2978049943737122,0.558767488744633,0.35462708997861775,2.7686610731272423
9,0.118,2.6238108928166635,1.4648676136049827,0.6353094812260717,0.339641498999526,2.09362223802556
10,0.118,2.611331738368719,1.4656225474226259,0.6233575965793982,0.357843662036856,1.9355025384257876
11,0.118,2.6116490770579617,1.4681432498056821,0.6217960554783598,0.35236176751665776,1.9098983670620562
12,0.118,2.602376707979376,1.4668571447008731,0.614230046650874,0.3470596266065176,1.8944613092224938
13,0.118,2.5883749780324674,1.4602842624957055,0.6038307244031608,0.3437777435708812,1.8857634847031512
14,0.118,2.57911741410736,1.4508055755820046,0.5905661258061784,0.34007884217997203,1.8742041075623028
15,0.118,2.5715083393758884,1.4271564061145832,0.5563615851527924,0.328471625628191,1.845303110425015
16,0.118,2.5823912853615125,1.3899154907815676,0.49968021409532715,0.30559234452912787,1.7983457678893586
17,0.118,2.62405779754244,1.3489747099154608,0.43347153390067666,0.2725940855021527,1.7341281228052743
18,0.118,2.694803483470366,1.3273055455550014,0.391904661146893,0.24054862899970159,1.6247921443373747
19,0.118,2.7892867002850137,1.3305697916746873,0.37457060590926344,0.20541123286325058,1.5386375088227449
20,0.118,2.807488446647783,1.313159926337343,0.34461603461808626,0.1867747340605959,1.5125625081338288
21,0.118,2.8199782574920573,1.2845290793884494,0.2988106407151249,0.15596893807414444,1.5023337034366708
22,0.118,2.7900418332295005,1.2864492249438872,0.3098743303075679,0.1637593613656405,1.481734777282016
23,0.118,2.776696657825401,1.2721756579717356,0.29421218507785946,0.15046607336973694,1.466576551040828
24,0.118,2.7797187891127373,1.2431177269507654,0.25752192287463893,0.11813948437544719,1.449186892607236
25,0.118,2.789856252075016,1.2388434030030624,0.24512593336013744,0.10326045606219508,1.4452487536195515
26,0.118,2.79797298090838,1.2273351379499677,0.23272225382282877,0.08842364004002308,1.4397502416926735
27,0.118,2.7969119815798464,1.2172703601221313,0.22016233583411257,0.07596481839597675,1.4393464843540997
28,0.118,2.793253899974992,1.216292159675266,0.21954034972443823,0.0737415905534935,1.4384674008092957
29,0.118,2.794470987313185,1.2155129647887588,0.21807582863311956,0.07220590810051652,1.4384116861311627
30,0.118,2.7946345674906756,1.215329149454767,0.21780901643312417,0.07187211859074179,1.4384108542255334
31,0.118,2.7946932663356443,1.2153000690737468,0.2177641376902812,0.07180475211790388,1.438410802531158
32,0.118,2.79467809438858,1.2152868718857601,0.21775095510565273,0.0717923819759995,1.4384107999010145
33,0.118,2.794677981508662,1.2152874467869756,0.21775151523223749,0.07179291574437084,1.438410799884921
1,0.118,1.7668860748428754,1.7668860748428754,0.06269479741426331,12.11693648876937
2,0.118,1.7092392248833257,1.7152893081023737,0.14941882107099255,1.7965015570881686
3,0.118,1.7273040587684232,1.7492858614887032,0.14662391955483015,1.5073772552081952
4,0.118,1.7665573886787875,1.8422828938734535,0.14662486459083687,1.100456003744424
5,0.118,1.754382728650717,1.863012862512147,0.14686721481379517,1.0493040980746353
6,0.118,1.6935140474009593,1.9174970208128643,0.1458657005584042,0.9299373395988175
7,0.118,1.586453524826258,1.981595563928881,0.14176157121398547,0.7794543137460236
8,0.118,1.3085393765163431,2.1135269129503422,0.12800176077534609,0.47235327065101257
9,0.118,1.046197679233177,2.208776382818929,0.11166095861653201,0.24062607277363682
10,0.118,0.9654901001834957,2.211532333877148,0.10369216130877346,0.13760655649551742
11,0.118,0.9931566499438934,2.1810370740999994,0.10358957648100223,0.11897988808080875
12,0.118,0.9993058221984591,2.177207886305988,0.10400725237399076,0.1188513584564447
13,0.118,0.9990689098777571,2.177228465391992,0.10401245390100666,0.11885079268735114
14,0.118,0.9995603512420557,2.1770047395955245,0.10404990737862213,0.11885021642117763
15,0.118,0.999562386569235,2.177004728938451,0.10405011610989302,0.1188502163753632
1,0.118,1.7668860748428754,1.7668860748428754,0.06269479741426331,12.11693648876937
2,0.118,1.7092392248833257,1.7152893081023737,0.14941882107099255,1.7965015570881686
3,0.118,1.7273040587684232,1.7492858614887032,0.14662391955483015,1.5073772552081952
4,0.118,1.7665573886787875,1.8422828938734535,0.14662486459083687,1.100456003744424
5,0.118,1.754382728650717,1.863012862512147,0.14686721481379517,1.0493040980746353
6,0.118,1.6935140474009593,1.9174970208128643,0.1458657005584042,0.9299373395988175
7,0.118,1.586453524826258,1.981595563928881,0.14176157121398547,0.7794543137460236
8,0.118,1.3085393765163431,2.1135269129503422,0.12800176077534609,0.47235327065101257
9,0.118,1.046197679233177,2.208776382818929,0.11166095861653201,0.24062607277363682
10,0.118,0.9654901001834957,2.211532333877148,0.10369216130877346,0.13760655649551742
11,0.118,0.9931566499438934,2.1810370740999994,0.10358957648100223,0.11897988808080875
12,0.118,0.9993058221984591,2.177207886305988,0.10400725237399076,0.1188513584564447
13,0.118,0.9990689098777571,2.177228465391992,0.10401245390100666,0.11885079268735114
14,0.118,0.9995603512420557,2.1770047395955245,0.10404990737862213,0.11885021642117763
15,0.118,0.999562386569235,2.177004728938451,0.10405011610989302,0.1188502163753632
1,0.118,1.7668860748428754,1.7668860748428754,0.06269479741426331,12.11693648876937
2,0.118,1.7092392248833257,1.7152893081023737,0.14941882107099255,1.7965015570881686
3,0.118,1.7273040587684232,1.7492858614887032,0.14662391955483015,1.5073772552081952
4,0.118,1.7665573886787875,1.8422828938734535,0.14662486459083687,1.100456003744424
5,0.118,1.754382728650717,1.863012862512147,0.14686721481379517,1.0493040980746353
6,0.118,1.6935140474009593,1.9174970208128643,0.1458657005584042,0.9299373395988175
7,0.118,1.586453524826258,1.981595563928881,0.14176157121398547,0.7794543137460236
8,0.118,1.3085393765163431,2.1135269129503422,0.12800176077534609,0.47235327065101257
9,0.118,1.046197679233177,2.208776382818929,0.11166095861653201,0.24062607277363682
10,0.118,0.9654901001834957,2.211532333877148,0.10369216130877346,0.13760655649551742
11,0.118,0.9931566499438934,2.1810370740999994,0.10358957648100223,0.11897988808080875
12,0.118,0.9993058221984591,2.177207886305988,0.10400725237399076,0.1188513584564447
13,0.118,0.9990689098777571,2.177228465391992,0.10401245390100666,0.11885079268735114
14,0.118,0.9995603512420557,2.1770047395955245,0.10404990737862213,0.11885021642117763
15,0.118,0.999562386569235,2.177004728938451,0.10405011610989302,0.1188502163753632
1,0.118,1.7668860748428754,1.7668860748428754,0.06269479741426331,12.11693648876937
2,0.118,1.7092392248833257,1.7152893081023737,0.14941882107099255,1.7965015570881686
3,0.118,1.7273040587684232,1.7492858614887032,0.14662391955483015,1.5073772552081952
4,0.118,1.7665573886787875,1.8422828938734535,0.14662486459083687,1.100456003744424
5,0.118,1.754382728650717,1.863012862512147,0.14686721481379517,1.0493040980746353
6,0.118,1.6935140474009593,1.9174970208128643,0.1458657005584042,0.9299373395988175
7,0.118,1.586453524826258,1.981595563928881,0.14176157121398547,0.7794543137460236
8,0.118,1.3085393765163431,2.1135269129503422,0.12800176077534609,0.47235327065101257
9,0.118,1.046197679233177,2.208776382818929,0.11166095861653201,0.24062607277363682
10,0.118,0.9654901001834957,2.211532333877148,0.10369216130877346,0.13760655649551742
11,0.118,0.9931566499438934,2.1810370740999994,0.10358957648100223,0.11897988808080875
12,0.118,0.9993058221984591,2.177207886305988,0.10400725237399076,0.1188513584564447
13,0.118,0.9990689098777571,2.177228465391992,0.10401245390100666,0.11885079268735114
14,0.118,0.9995603512420557,2.1770047395955245,0.10404990737862213,0.11885021642117763
15,0.118,0.999562386569235,2.177004728938451,0.10405011610989302,0.1188502163753632
1,0.118,1.3769344304320221,1.3769344304320221,0.5393023628053063,212.50112197314948
2,0.118,1.6367325057067073,1.4608809798420188,0.24249547636756374,87.53246745253261
3,0.118,1.863352158605524,1.3239977005725305,0.0823050128273154,53.938714756645446
4,0.118,2.0105925597684537,1.0272890944709119,0.06537291549887818,14.15886553021458
5,0.118,2.0924104985175243,0.9300695994855386,0.03957144596985446,9.659965672925814
6,0.118,2.190552638104237,0.896080860730247,0.006927041245243883,7.196953804617661
7,0.118,2.3459642622832213,0.9262641189390921,-0.0063147176316537415,5.112739188962956
8,0.118,2.447296501595809,0.9328728654349434,-0.004019177362335622,4.244757347039422
9,0.118,2.6185093611603496,1.001850304164814,0.036568784319921284,2.471783223670032
10,0.118,3.027261829250294,1.2458594100749218,0.18164001157233314,0.7259473982629625
11,0.118,2.917809023798775,1.171900440939748,0.12984852029264282,0.27456601882473314
12,0.118,2.9699718590376527,1.2043091623523725,0.1454577686604928,0.16902993791544405
13,0.118,3.0033083269534426,1.2236657518159473,0.15274736781591514,0.14848449738128694
14,0.118,3.0082304529046078,1.2252205677495873,0.15255732337796335,0.14708421848375317
15,0.118,3.010011607173763,1.2255288787781824,0.15253545969851193,0.1469954021705551
16,0.118,3.011044861078687,1.2256610607175118,0.15259077159510331,0.14697395699609445
17,0.118,3.0115201299972596,1.2257009417481124,0.1526443516272626,0.1469688486226829
18,0.118,3.0115141873404307,1.225693383229851,0.1526487554524225,0.14696876261852326
19,0.118,3.0115068294256067,1.2256919449413342,0.1526489582027611,0.1469687613076467
20,0.118,3.0115061118035,1.2256918503120118,0.1526489265678729,0.14696876130334208
1,0.118,0.982443895582985,1.1580049397531351,0.8068828514128348,233.44286091773793
2,0.118,0.7318300378093984,1.5283034316610002,0.6855179696191365,152.55212363785398
3,0.118,0.5469203037158841,1.7205907244637266,0.6880882552724267,111.26523374269675
4,0.118,0.4359514264433846,1.7984400722223548,0.8379848692491061,39.979428657066364
5,0.118,0.4572081996010473,1.811303729208575,0.9877994166414282,18.661102262620094
6,0.118,0.3664236514188969,1.9172248479155731,1.0180383932107042,7.792713857993412
7,0.118,0.3452018602327838,1.9595563254791846,1.0517522978384886,6.376018513354824
8,0.118,0.3515819381221539,2.038365278701296,1.0786247302337002,5.540386725264563
9,0.118,0.34168953481158737,2.065446716652921,1.0847729893879112,5.273355302121448
10,0.118,0.34239343488569657,2.086483407905735,1.0838853854651584,5.182896367802992
11,0.118,0.3598621444407865,2.2038062993930416,1.0635389134423676,4.700941309041588
12,0.118,0.4117114177957723,2.438652491150453,1.0037597739262878,4.043292588681887
13,0.118,0.4363344583972247,2.515359516754982,0.9857400172204168,3.58498115324891
14,0.118,0.5101994577765404,2.679160953739428,0.9438420962363441,2.243770232735474
15,0.118,0.6010604604075938,2.913148928907058,0.8869170200261742,1.8860014484573395
16,0.118,0.6524619452286348,2.9974545490879105,0.888958546673788,0.9811962334455885
17,0.118,0.7312757821019126,3.217936426976791,0.860203181922933,0.6373531246417745
18,0.118,0.80465704090559,3.443966095796987,0.8427579033036317,0.41326600494558674
19,0.118,0.8347720849097213,3.564895594230697,0.8438638387175712,0.3204299113996732
20,0.118,0.8721804880045236,3.6471031515170536,0.8346031706522271,0.2595185911702832
21,0.118,0.9089302488648586,3.717625700213411,0.8281301101499546,0.2215667677059828
22,0.118,0.9252968489568156,3.747501949828803,0.8269523101919504,0.20952338959847774
23,0.118,0.9374693477829128,3.7784817935468826,0.8254161490827897,0.2077521396568065
24,0.118,0.9400394449855399,3.7854392783177815,0.8251304578584274,0.20767298547868068
25,0.118,0.9402084328654,3.785921517936005,0.825109408315846,0.20767267688156363
26,0.118,0.9402060663277502,3.78591829483979,0.8251100456234168,0.20767267654286728
1,0.118,1.0404592385672813,0.9955045290480798,0.9505498195288784,93.75566688823322
2,0.118,1.280715611543643,0.8845398970918208,0.9950505371974314,71.21931865615889
3,0.118,1.8599826044394705,0.8679708350780306,1.052490099279211,45.11263939724499
4,0.118,2.674486414350602,1.0547175298384597,1.064958360700991,28.74788278203544
5,0.118,3.282665287867382,1.127938205998504,1.0271489805181693,19.072308758504143
6,0.118,4.18512582733772,1.2809558649666544,0.9612643278093697,11.539515510303083
7,0.118,5.333226309069005,1.5217248745342284,0.8734621262308071,6.283943371641385
8,0.118,6.6914277532925155,1.8160841971065556,0.7930833917284547,3.610228380112024
9,0.118,7.219368549456388,1.9093150884357,0.797676495215315,1.9009471538567613
10,0.118,7.892630081910164,2.038143212562853,0.7778088241243857,1.5584406823333539
11,0.118,8.020711895108798,2.046549390478485,0.7802546506720048,1.4634044861875812
12,0.118,8.31276361443044,2.072028525253939,0.7780659507902886,1.3443153175727511
13,0.118,8.841752190748684,2.1132983237166756,0.7711349926662043,1.179269588529238
14,0.118,9.193542997403936,2.1380845795439303,0.764483214922206,1.1167190221899026
15,0.118,9.274333553438519,2.1423658901865053,0.7632060319294712,1.113865833876044
16,0.118,9.286190277523172,2.1434300398156756,0.7630318055790107,1.113835524427533
17,0.118,9.290340507212813,2.1438139164719896,0.7630002751568684,1.1138307878816531
18,0.118,9.290718626532714,2.143871640857292,0.7629995578102898,1.1138306022866409
19,0.118,9.29065371610135,2.143866034042557,0.7630011832871522,1.1138306002484424
20,0.118,9.290649292298912,2.143865969613216,0.7630011920688643,1.113830600235697
1,0.118,1.25044162233414,0.9721731530739844,0.693904683813829,4.035769762805983
2,0.118,1.3697535401892238,1.0544489807488373,0.6585353640663405,1.831916586902646
3,0.118,1.5340651811566244,1.2051556595385613,0.6338534266610683,0.20931634810991823
4,0.118,1.5654058458297522,1.2350831920884282,0.622797096529682,0.1607000644404315
5,0.118,1.5630090351274593,1.2446130927481327,0.621354135352586,0.15767564126593658
6,0.118,1.5553894229270955,1.256725911225812,0.6179903322147732,0.15499172666566643
7,0.118,1.5318299968568265,1.2813203342339614,0.6098861403842963,0.149765846243141
8,0.118,1.481700005780747,1.3225426798308182,0.5944975856449829,0.14178191462438888
9,0.118,1.4325128316927023,1.3502328294800314,0.5810354926586053,0.13586032744787008
10,0.118,1.4280417267129863,1.349732056773938,0.5809097565492987,0.1356177766340245
11,0.118,1.429159548945272,1.3485291225617742,0.581269207711208,0.1356127606887439
12,0.118,1.4293615648213767,1.348352847540262,0.5813415515044091,0.13561271124948104
13,0.118,1.429375079278452,1.3483477832028443,0.581338586387019,0.1356127077323933
14,0.118,1.4293559359960601,1.348364798497053,0.5813320595958528,0.13561270715709312
1,0.118,3.5579566531755664,3.5579566531755664,-2.126391464992359,212.18499475232906
2,0.118,3.2259687469301173,3.4383909391113314,-1.360541196881572,139.56190625247274
3,0.118,1.9034699066843153,2.7200963112100585,0.27033589277248904,32.04196942950465
4,0.118,0.8623673928225185,2.4894683108430553,0.7084576068955539,23.67282879069558
5,0.118,0.7036685021166229,2.7028154942688203,0.4579862694420521,11.990687416910202
6,0.118,0.0,2.8952312978833405,0.28795550434680195,5.4156550931220835
7,0.118,0.0,2.9117696710762195,0.23442991908178476,5.31117635124691
8,0.118,0.0,2.8401697383220816,0.15785707440290886,5.273560297719134
9,0.118,0.0,2.7147866707161445,0.034565736650826503,5.24362796494304
10,0.118,0.0,2.682756554302521,0.006090161959617788,5.24189341278814
11,0.118,0.0,2.676280262035885,0.00019838337632382616,5.241842753902329
12,0.118,0.0,2.6760421737185602,5.920331368706777e-06,5.2418426665608635
13,0.118,0.0,2.676037184204881,-1.369289705621529e-06,5.241842666417773
1,0.118,3.2740750321616243,0.7473249964264862,-1.7794250393086517,165.06169453972058
2,0.118,2.884437028403018,0.972853296063757,-1.3681999843373935,58.310348401367015
3,0.118,2.2473803696822436,0.9962032378046308,-0.5998708116151833,6.891736180309604
4,0.118,1.9771965721772766,0.9188865689670548,-0.33809441243577454,4.810719361008774
5,0.118,2.0961891331839406,0.9124449926461197,-0.4610876963411955,3.4384386537645915
6,0.118,2.082660831200839,0.919947192660801,-0.4521614566988271,3.381235840700841
7,0.118,2.078124124418944,0.9192200943021912,-0.4510566332380257,3.377818688312067
8,0.118,2.057759544870845,0.917018701222368,-0.4596973782010185,3.354938351562697
9,0.118,1.8825092101046557,0.8992440856150115,-0.5646072711443113,3.189953736155563
10,0.118,1.7640417480660675,0.8862419148190912,-0.6518205236804908,3.0867376053933393
11,0.118,1.6025020465942437,0.8636080306606334,-0.8051134021538565,2.9221184650901755
12,0.118,1.6189453358204953,0.8565022708279337,-0.8473032176007539,2.6815905635928963
13,0.118,1.5674643904448813,0.8404610211140853,-0.9225693312236803,2.6247922109129886
14,0.118,1.5331310780011185,0.826078196451117,-0.961283849396414,2.609002025083366
15,0.118,1.5112070198491336,0.8207353241744292,-0.9881416100543534,2.6070294082351255
16,0.118,1.513424213500103,0.8202003010605267,-0.9900331857356651,2.606289186782677
17,0.118,1.5120844316278317,0.8197516157643884,-0.991560555433877,2.606278378982755
18,0.118,1.5118816838397395,0.819683036504205,-0.991822202804008,2.606278208018195
19,0.118,1.5118837883656617,0.8196825709314793,-0.9918181846717015,2.6062782073241437
1,0.118,0.9650276415903914,0.9650276415903914,0.615304057494306,484.5663945236194
2,0.118,0.9000756896503118,0.9841112077324471,0.6804868799643354,455.18096370922956
3,0.118,0.24945825683292133,1.1899745023896802,1.0223893823838943,117.3719858531758
4,0.118,0.20615384378997,1.2762076313552693,1.053800230770148,107.69996519351461
5,0.118,0.3038783404810005,2.7631062451445407,1.2040295396237055,8.958983406956031
6,0.118,0.2872692132624693,2.690890113515345,1.1908300573165518,5.590830388999608
7,0.118,0.2801889573492125,2.7301498048050825,1.1914957512256616,4.902416864119064
8,0.118,0.2801595912797223,2.7824789350757952,1.1939524914707766,4.735424569379099
9,0.118,0.28248190749101393,2.820051625816621,1.1933972510134845,4.672777984655798
10,0.118,0.2864308053292126,2.845176860053933,1.1877669837004357,4.607284092479982
11,0.118,0.31228614062266646,2.9651556274387585,1.143739654802061,4.210233225312719
12,0.118,0.342774057725622,3.0821874393089885,1.0908593256729238,3.786721869984599
13,0.118,0.3646753660554068,3.15063932609692,1.0548211120669952,3.5700965994284557
14,0.118,0.38879678229589926,3.1846807597228306,1.0196755680252643,3.180886959301368
15,0.118,0.4170837792782637,3.146551526559741,0.9883531638308352,2.441887518613945
16,0.118,0.42389140554778926,3.125025807039403,0.9881503818281453,2.246387518934534
17,0.118,0.45031218804390183,3.169826816235787,0.9626423472330684,2.038453631918707
18,0.118,0.5271812419910318,3.434929410490381,0.9050667295816825,1.4501232591973716
19,0.118,0.543631048683315,3.540042181335841,0.9117350841121548,0.9908324865957976
20,0.118,0.5936425834512628,3.67795626072105,0.8843326414719106,0.7076154543643309
21,0.118,0.674622319118973,3.8701748774185467,0.8469395565717,0.49449161506658157
22,0.118,0.6821071129559351,3.8700869250820435,0.8518963922053007,0.3224725940012957
23,0.118,0.7210458101263708,3.9758653085060565,0.8401725058601947,0.24492821033822806
24,0.118,0.7692574990204084,4.114270784582696,0.8262726328416417,0.20286066840571398
25,0.118,0.780297435302632,4.145948753834039,0.8251153447601596,0.19452777992219608
26,0.118,0.7894885006450703,4.1680136734118465,0.8227128800444228,0.19339670860135677
27,0.118,0.7897134345996009,4.166267886064563,0.8227299544598243,0.1933760539767715
28,0.118,0.7903151425714844,4.169010628227813,0.822586182843569,0.19334465754011748
29,0.118,0.7903942617078001,4.1692382405185935,0.822571791071774,0.19334456775413514
30,0.118,0.7903874492604804,4.169221317696136,0.8225729083610722,0.19334456663434277
1,0.118,1.7668860748428754,1.7668860748428754,0.06269479741426331,12.11693648876937
2,0.118,1.7092392248833257,1.7152893081023737,0.14941882107099255,1.7965015570881686
3,0.118,1.7273040587684232,1.7492858614887032,0.14662391955483015,1.5073772552081952
4,0.118,1.7665573886787875,1.8422828938734535,0.14662486459083687,1.100456003744424
5,0.118,1.754382728650717,1.863012862512147,0.14686721481379517,1.0493040980746353
6,0.118,1.6935140474009593,1.9174970208128643,0.1458657005584042,0.9299373395988175
7,0.118,1.586453524826258,1.981595563928881,0.14176157121398547,0.7794543137460236
8,0.118,1.3085393765163431,2.1135269129503422,0.12800176077534609,0.47235327065101257
9,0.118,1.046197679233177,2.208776382818929,0.11166095861653201,0.24062607277363682
10,0.118,0.9654901001834957,2.211532333877148,0.10369216130877346,0.13760655649551742
11,0.118,0.9931566499438934,2.1810370740999994,0.10358957648100223,0.11897988808080875
12,0.118,0.9993058221984591,2.177207886305988,0.10400725237399076,0.1188513584564447
13,0.118,0.9990689098777571,2.177228465391992,0.10401245390100666,0.11885079268735114
14,0.118,0.9995603512420557,2.1770047395955245,0.10404990737862213,0.11885021642117763
15,0.118,0.999562386569235,2.177004728938451,0.10405011610989302,0.1188502163753632
1,0.118,1.3769344304320221,1.3769344304320221,0.5393023628053063,212.50112197314948
1,0.118,1.790980200116075,1.790980200116075,0.03324642208035278,21.361423931519433
2,0.118,1.730356478419605,1.7371469850507857,0.11382572609488631,8.246061264591686
3,0.118,1.740861447949053,1.7751293931160137,0.11207160236381031,7.688045447818986
4,0.118,1.7728223758210735,1.934302163172473,0.1198412858475968,6.19747983182451
5,0.118,1.7348261228370674,2.0156016310989875,0.1311121891827538,5.589382378813296
6,0.118,1.6814752035009595,2.0696064931934464,0.13936270019079694,5.33124123702985
7,0.118,1.6237549271524088,2.0977394087365373,0.14285489811771382,5.145883654506804
8,0.118,1.4173748339145549,2.161389229984316,0.14744275471377355,4.575376048699054
9,0.118,1.0850768816934395,2.225859798862469,0.14568334463942673,3.799088607198773
10,0.118,0.7659850753432172,2.2567571593646143,0.13322365725529842,3.137797739950437
11,0.118,0.735235843765423,2.227754004120541,0.12359543725305577,2.94357161804517
12,0.118,0.7829725212473907,2.201074141004578,0.1204512115443073,2.9160228133319923
13,0.118,0.7861235489066875,2.1980385293353413,0.12054664403893718,2.9158042780286775
14,0.118,0.7871296930628827,2.198298954307417,0.12056883345528754,2.91579752055803
15,0.118,0.7867340838191619,2.1983624135552087,0.1205655287322309,2.9157971707225947
16,0.118,0.7868242445933061,2.198300608644843,0.12056478433567022,2.9157971541265177
17,0.118,0.7868162933301888,2.1983257464267445,0.12056528846066251,2.9157971377066847
18,0.118,0.7868138412431461,2.198325872411108,0.12056534244742802,2.915797137666979
1,0.118,1.576667005914886,0.9359258882316793,0.2951847705484726,96.55676401518288
2,0.118,1.7451970663093201,0.9241814538312582,0.07759185305251651,16.47232155914638
3,0.118,1.7805066767604258,0.9186546102436852,0.06238299939351311,15.49102276049158
4,0.118,1.8186703951136234,0.9137437403975646,0.06355886892009206,14.52418078258919
5,0.118,2.0550202874699504,0.9372081552010898,0.07952179441794328,9.777660554794293
6,0.118,2.507094692667346,1.0617373332702718,0.10454360759308803,3.4792415970858874
7,0.118,2.7651153015698733,1.108978258019859,0.1461958564949274,2.995189839107625
8,0.118,2.72515817968324,1.1096020358518077,0.12841538938615457,2.5402729213045827
9,0.118,2.737235408648373,1.1118896956599202,0.1278887498921711,2.533244459649438
10,0.118,2.7482422525788963,1.1127980866711924,0.12807345816506296,2.5306737734734845
11,0.118,2.7507045930417693,1.1126280260110544,0.1282842159992028,2.530430465390817
12,0.118,2.75074096038989,1.112548632033485,0.12833090185018123,2.5304244535039917
13,0.118,2.750707380504569,1.1125408520310196,0.12833332211532436,2.5304244142088574
14,0.118,2.7507043460795915,1.1125404918836173,0.12833326106583323,2.5304244141041754
1,0.118,0.9974283470374288,1.023144876663141,0.9717118174117164,240.23055986520907
2,0.118,0.4914920795457408,1.5260122781535603,0.747615397003707,102.28063858015106
3,0.118,0.44442016190278977,1.6015832264068506,0.7320139760395508,97.97932938149232
4,0.118,0.3900134549526501,1.5522389450669343,0.8288193545543852,40.05686359159119
5,0.118,0.3877777714113284,1.5748930427424959,0.9322515102086267,16.845010784728988
6,0.118,0.39058591616478294,1.6657359236952718,0.9331420732039871,14.883844352439102
7,0.118,0.4424774104281369,2.05150802094921,0.9195523958508468,8.944733317760631
8,0.118,0.5415448033578805,2.6080793706190755,0.883481405412013,3.681866001701898
9,0.118,0.5996670186131918,2.866879508520305,0.8723228039345997,2.6947057545309026
10,0.118,0.620507048349227,2.9332990332867896,0.873682658534307,2.5468722929950043
11,0.118,0.6262451674656682,2.9418494422070407,0.8746027751832134,2.5306716590966754
12,0.118,0.6266593356692439,2.9366932308459175,0.8748541098900436,2.528749535771578
13,0.118,0.6260849944978187,2.931616108976963,0.8749273069326509,2.5284329338833156
14,0.118,0.6258354083971612,2.930472818787611,0.8749268681183459,2.528419793390098
15,0.118,0.6258099450323272,2.9304161921120424,0.8749231171389897,2.528419605018586
16,0.118,0.6258093883800128,2.930418388580358,0.874922796768299,2.5284196045306664
1,0.118,1.0272598854394641,0.9969711238400596,1.0272598854394641,93.34429853002919
2,0.118,1.1174474683578288,0.9878104398426059,1.0378115635295202,83.90192030621823
3,0.118,1.5897948656086087,0.9413430621585644,1.0130854230065902,49.352622046348614
4,0.118,2.1304099318876233,1.2350620088720659,0.9450563308659554,35.62861511924538
5,0.118,2.411836485815217,1.1582811801929869,0.9378781453096035,22.17567748510767
6,0.118,2.8991624743003985,1.1672444481150466,0.9221884583284639,15.02836197237161
7,0.118,3.5015884012822167,1.256142287129494,0.906290457301114,9.785512798000674
8,0.118,4.295334475811949,1.395768133677319,0.9301085730378125,8.630368258739434
9,0.118,4.57114033830313,1.4167035604751383,0.8934156600574412,6.168334187591248
10,0.118,4.674841707513946,1.398645695561102,0.8872201941952542,5.643041916051936
11,0.118,4.964820234857603,1.4166908271887928,0.8821838011833573,5.366068943028175
12,0.118,5.167802542832702,1.4350173153523234,0.8807624249559874,5.297013104813543
13,0.118,5.203184965046989,1.4361090595010624,0.8805200208849459,5.294141374607493
14,0.118,5.209486901383136,1.4368008722397871,0.8803266960582738,5.294069910168984
15,0.118,5.208894074499493,1.4367324375846866,0.8803435091404904,5.294069119744875
16,0.118,5.208893225003992,1.4367321898372567,0.8803434015812404,5.294069119710225
1,0.118,1.110318045904672,0.9664320729667139,0.630752802633852,13.225988388051508
2,0.118,1.1605398875433548,0.9843577274618064,0.5856437883457014,12.879990348228514
3,0.118,1.2564865850673308,1.023616192420254,0.5539728386640037,12.48251793056271
4,0.118,1.3931371807162312,1.0011872937471038,0.5683083526043579,12.092057915571907
5,0.118,1.695929445561883,0.8796484665347508,0.6334375310259527,11.470522776553487
6,0.118,2.0566746988037603,0.6678159534133565,0.7330176482958802,10.914088423907039
7,0.118,2.32571044273513,0.41706477092788485,0.8080110273248956,10.72343270921308
8,0.118,2.3272746526276733,0.4142650132834402,0.8425238463122355,10.598149753706876
9,0.118,2.3243126952815745,0.4095231716209341,0.8471329615937594,10.596653399239665
10,0.118,2.319526313225379,0.41005422171412464,0.8471590701010414,10.596537320786432
11,0.118,2.3180641450934556,0.410638747059727,0.8468294155606716,10.596532671252108
12,0.118,2.31794929842123,0.41071518984299665,0.8467776150882161,10.596532617028732
13,0.118,2.317948443454646,0.4107178701915646,0.8467755310535392,10.596532616870732
1,0.118,1.7639374171452218,1.7639374171452218,0.06629871237806229,33.407707425566265
2,0.118,1.7035943181925028,1.7484668321259575,0.09374877130811739,32.420758713853566
3,0.118,1.4156458852419382,1.7151794962369142,0.14837419915646977,29.865641802410867
4,0.118,1.1551892501032988,1.722627793704095,0.13439785581058075,27.906816002111835
5,0.118,0.531326703470069,1.8037363143105523,0.010119662342412322,24.028258826655385
6,0.118,0.40567204775259075,1.8510324046100852,-0.07857653396288461,23.265736834346097
7,0.118,0.37334545514501244,1.856103352755204,-0.08703189101454875,23.257649943035418
8,0.118,0.3669230642669585,1.8569982594595789,-0.08755154029486441,23.257423444097032
9,0.118,0.3665524361241686,1.8577586089931553,-0.08677689209503944,23.257403941080046
10,0.118,0.36533157868580174,1.864135208366799,-0.08035255213160404,23.257293532060114
11,0.118,0.3650694390527762,1.8741941639295407,-0.07030026891516344,23.257156032432597
12,0.118,0.3663740810825809,1.895786750101918,-0.0488095686829313,23.25691245045755
13,0.118,0.36887242385783314,1.9184044243045923,-0.026602531243820605,23.256756312784994
14,0.118,0.37016852171037096,1.9264986234070283,-0.018302406375895898,23.25674271342601
15,0.118,0.37024494029041227,1.9294186637004491,-0.015366931606880877,23.256740475705552
16,0.118,0.37014005301163044,1.9356439105332084,-0.009115761233468484,23.25673714097267
17,0.118,0.3699697048394468,1.9392177688602699,-0.005621882956133414,23.25673656188628
18,0.118,0.369983216151331,1.9407348806412983,-0.00405555103041512,23.256736409899027
19,0.118,0.369997173377064,1.9421269968191457,-0.0026690761660584693,23.256736359069205
20,0.118,0.37001127004505413,1.9434417229064425,-0.0013571211921948694,23.256736342673022
1,0.118,2.9651113068789074,0.781654299235677,-1.4018027084075535,258.7036084793269
2,0.118,1.9163220382715487,0.43500876702550034,-0.18086379271064434,115.2137142865615
3,0.118,1.5574491088642184,0.7370367299200229,0.11817763512969628,33.428774331776864
4,0.118,1.6861666466847014,0.7825725828105904,-0.031775630084704104,30.08686146661474
5,0.118,1.7495997681837685,0.8809788617655702,-0.11351162244629731,25.69511455211366
6,0.118,1.8223723470659716,0.9998543204092815,-0.19297369682225454,23.71175511862917
7,0.118,1.8342356800470723,1.0059863316770328,-0.2062962514402048,23.697501493804893
8,0.118,1.8347998247084893,1.0060848273956562,-0.20521571046438417,23.697210822591085
9,0.118,1.840736252369704,1.0065159327422664,-0.19752697204816255,23.695564433358236
10,0.118,1.8525673543944232,1.0069934163249135,-0.18503817798138172,23.69322908334437
11,0.118,1.8799151375224192,1.0076294922186064,-0.15901937543448597,23.688866710417066
12,0.118,1.9142939569823594,1.0080189406766624,-0.12897280234324132,23.68468582439179
13,0.118,1.9376841307759611,1.0079180438947264,-0.10913376497548022,23.683310739167148
14,0.118,1.9440381690131574,1.008015257984745,-0.1039678782317281,23.68324170008826
15,0.118,1.9448734914034786,1.0080170130485167,-0.10320341124190363,23.683240775932
16,0.118,1.945310346746392,1.0080193241654836,-0.10276909279160396,23.68324050865203
17,0.118,1.9454548703910728,1.0080164703061825,-0.10259889641191623,23.683240446379582
18,0.118,1.9454662468596522,1.0080184762769278,-0.1025858376209331,23.683240443341973
1,0.118,0.9858121975577936,0.9858121975577936,0.84393417313573,526.2811462038713
2,0.118,0.24005874853668585,0.8243860735205859,0.8677305716829464,157.09538434735336
3,0.118,0.21205425581479112,0.8137031587901016,0.8895842712937205,151.364367384623
4,0.118,0.20612091330176893,0.7611872849061568,1.0938595189740736,107.87790950146828
5,0.118,0.18367423874113648,0.7658829029602341,1.1200279612933455,103.09681987254697
6,0.118,0.16394760558021443,0.7792517684082654,1.1601416749890838,100.56512494606169
7,0.118,0.15967526740710922,0.8001934487004532,1.1853758758763633,98.54222805178418
8,0.118,0.15408960955986087,0.914233482497762,1.2341403538124989,91.57688484707388
9,0.118,0.1475023409622999,1.188029355293758,1.2842065376589307,80.82115191743154
10,0.118,0.1618884797274952,1.4532706302169167,1.2471741133589067,71.12054201114299
11,0.118,0.26364813944923865,2.2504298971030416,0.9282733459546283,43.046229384710486
12,0.118,0.2570711152205759,2.1093032000045455,0.9990593349505704,36.523885741720974
13,0.118,0.3228525668607091,2.2588951345515196,0.9425179814346731,22.294386395368935
14,0.118,0.4160046377736032,2.622862308909424,0.8806323184344274,13.001254905392553
15,0.118,0.46720528315764404,2.866766723609737,0.8954940293654792,6.33908941958023
16,0.118,0.5345113172159162,3.2738306171378984,0.8839997717792517,3.0265620421482415
17,0.118,0.563177559280559,3.4652376629995474,0.878715400448125,2.5479368217264096
18,0.118,0.5714611181200205,3.5255499397216954,0.8763760687174208,2.514964455478449
19,0.118,0.5716231468060986,3.531955258392756,0.8761078608635615,2.5139513195801024
20,0.118,0.571552276184496,3.5320979915436435,0.8761098729856829,2.513942631225057
21,0.118,0.571536834149962,3.532039708023756,0.876106706711009,2.513942475872182
22,0.118,0.5715300430768957,3.5319998126555525,0.8761083303518764,2.5139424645751527
23,0.118,0.5715300709167911,3.5319992103509863,0.8761082406833312,2.513942464528358
1,0.118,1.5770233490673284,1.5770233490673284,31.14590003338356
2,0.118,1.0499074351003372,1.7073152744233748,25.904731548957486
3,0.118,0.33852113784165505,1.916249659056764,23.33408973433157
4,0.118,0.36624935543810755,1.9387097311187118,23.25946600246737
5,0.118,0.3704910063989986,1.944529468027733,23.256738498244108
6,0.118,0.3700838669441696,1.9447750571176867,23.25673636510801
7,0.118,0.3700143262072307,1.944798009067658,23.256736340499874
8,0.118,0.37001363096287,1.9447978499523706,23.256736340485375
1,0.118,2.2040405038631725,0.8662177217929808,45.65422343699462
2,0.118,2.5245684379515607,1.355296319552089,37.482358241003745
3,0.118,2.521558972812235,1.1669642401030533,26.14782706594013
4,0.118,2.620496745214274,1.1762646177993694,25.399342122138588
5,0.118,3.014048620641383,1.246869806222816,23.797420170366745
6,0.118,3.173966116128055,1.275175262048886,23.608127664739396
7,0.118,3.232628283237311,1.2828438367489063,23.590053770161127
8,0.118,3.2402708881050457,1.2837485720365833,23.58978305788509
9,0.118,3.2405861458503824,1.2837893412578483,23.589782654528193
10,0.118,3.240588397173578,1.2837896514228129,23.58978265452529
1,0.118,1.872503655822792,0.9030551493530231,25.20991240001983
2,0.118,1.891287454779985,0.9432288314752972,24.293449727330515
3,0.118,1.9741449163724414,0.9911228319181358,23.810959563825843
4,0.118,2.0302964009385494,1.0069163609246135,23.700514575593594
5,0.118,2.0484191164729793,1.006851378181168,23.68565462055062
6,0.118,2.0495730060967214,1.0079532236241273,23.685402044718852
7,0.118,2.0496324287595087,1.00797745614825,23.685401954541675
8,0.118,2.049633502272072,1.0079776712656796,23.685401954527556
1,0.118,2.8276648007458625,0.7969261332504597,194.45968415991172
2,0.118,2.826303880126847,0.8179532735235627,193.67426530923956
3,0.118,2.7293173267430246,0.8650381149119684,192.33075280140358
4,0.118,2.629755481178926,0.8848159650049422,192.24834564129924
5,0.118,2.6318639899934495,0.8748028336316525,192.16268277602097
6,0.118,2.5690917634832053,0.8642797971363168,192.05537889661846
7,0.118,1.7430579964416653,0.7614325895939287,190.8813113235656
8,0.118,0.0,0.5546362917762663,176.42483737595924
9,0.118,0.0,0.553633452116926,176.38659554432238
10,0.118,0.0,0.5536306703057939,176.38659525366464
11,0.118,0.0,0.5536306771725178,176.38659525366086
1,0.118,0.7636668069021644,3.1269987378805206,35.861159765319975
2,0.118,0.6658088800041002,2.300075471159795,32.30341183612321
3,0.118,0.5132635597260115,2.0874299472616364,23.905920202897278
4,0.118,0.41192546247121264,1.764384609444869,23.546568341456695
5,0.118,0.45186902699781883,1.8674739206385762,23.308787214977688
6,0.118,0.4468152181368728,1.8512468295418427,23.30427071238659
7,0.118,0.4463103776279964,1.849650688280007,23.30423342965145
8,0.118,0.44631616649246075,1.8496683566132606,23.304233423466584
1,0.118,1.790980200116075,1.790980200116075,0.03324642208035278,21.361423931519433
2,0.118,1.730356478419605,1.7371469850507857,0.11382572609488631,8.246061264591686
3,0.118,1.740861447949053,1.7751293931160137,0.11207160236381031,7.688045447818986
4,0.118,1.7728223758210735,1.934302163172473,0.1198412858475968,6.19747983182451
5,0.118,1.7348261228370674,2.0156016310989875,0.1311121891827538,5.589382378813296
6,0.118,1.6814752035009595,2.0696064931934464,0.13936270019079694,5.33124123702985
7,0.118,1.6237549271524088,2.0977394087365373,0.14285489811771382,5.145883654506804
8,0.118,1.4173748339145549,2.161389229984316,0.14744275471377355,4.575376048699054
9,0.118,1.0850768816934395,2.225859798862469,0.14568334463942673,3.799088607198773
10,0.118,0.7659850753432172,2.2567571593646143,0.13322365725529842,3.137797739950437
11,0.118,0.735235843765423,2.227754004120541,0.12359543725305577,2.94357161804517
12,0.118,0.7829725212473907,2.201074141004578,0.1204512115443073,2.9160228133319923
13,0.118,0.7861235489066875,2.1980385293353413,0.12054664403893718,2.9158042780286775
14,0.118,0.7871296930628827,2.198298954307417,0.12056883345528754,2.91579752055803
15,0.118,0.7867340838191619,2.1983624135552087,0.1205655287322309,2.9157971707225947
16,0.118,0.7868242445933061,2.198300608644843,0.12056478433567022,2.9157971541265177
17,0.118,0.7868162933301888,2.1983257464267445,0.12056528846066251,2.9157971377066847
18,0.118,0.7868138412431461,2.198325872411108,0.12056534244742802,2.915797137666979
1,0.118,1.576667005914886,0.9359258882316793,0.2951847705484726,96.55676401518288
2,0.118,1.7451970663093201,0.9241814538312582,0.07759185305251651,16.47232155914638
3,0.118,1.7805066767604258,0.9186546102436852,0.06238299939351311,15.49102276049158
4,0.118,1.8186703951136234,0.9137437403975646,0.06355886892009206,14.52418078258919
5,0.118,2.0550202874699504,0.9372081552010898,0.07952179441794328,9.777660554794293
6,0.118,2.507094692667346,1.0617373332702718,0.10454360759308803,3.4792415970858874
7,0.118,2.7651153015698733,1.108978258019859,0.1461958564949274,2.995189839107625
8,0.118,2.72515817968324,1.1096020358518077,0.12841538938615457,2.5402729213045827
9,0.118,2.737235408648373,1.1118896956599202,0.1278887498921711,2.533244459649438
10,0.118,2.7482422525788963,1.1127980866711924,0.12807345816506296,2.5306737734734845
11,0.118,2.7507045930417693,1.1126280260110544,0.1282842159992028,2.530430465390817
12,0.118,2.75074096038989,1.112548632033485,0.12833090185018123,2.5304244535039917
13,0.118,2.750707380504569,1.1125408520310196,0.12833332211532436,2.5304244142088574
14,0.118,2.7507043460795915,1.1125404918836173,0.12833326106583323,2.5304244141041754
1,0.118,0.9974283470374288,1.023144876663141,0.9717118174117164,240.23055986520907
2,0.118,0.4914920795457408,1.5260122781535603,0.747615397003707,102.28063858015106
3,0.118,0.44442016190278977,1.6015832264068506,0.7320139760395508,97.97932938149232
4,0.118,0.3900134549526501,1.5522389450669343,0.8288193545543852,40.05686359159119
5,0.118,0.3877777714113284,1.5748930427424959,0.9322515102086267,16.845010784728988
6,0.118,0.39058591616478294,1.6657359236952718,0.9331420732039871,14.883844352439102
7,0.118,0.4424774104281369,2.05150802094921,0.9195523958508468,8.944733317760631
8,0.118,0.5415448033578805,2.6080793706190755,0.883481405412013,3.681866001701898
9,0.118,0.5996670186131918,2.866879508520305,0.8723228039345997,2.6947057545309026
10,0.118,0.620507048349227,2.9332990332867896,0.873682658534307,2.5468722929950043
11,0.118,0.6262451674656682,2.9418494422070407,0.8746027751832134,2.5306716590966754
12,0.118,0.6266593356692439,2.9366932308459175,0.8748541098900436,2.528749535771578
13,0.118,0.6260849944978187,2.931616108976963,0.8749273069326509,2.5284329338833156
14,0.118,0.6258354083971612,2.930472818787611,0.8749268681183459,2.528419793390098
15,0.118,0.6258099450323272,2.9304161921120424,0.8749231171389897,2.528419605018586
16,0.118,0.6258093883800128,2.930418388580358,0.874922796768299,2.5284196045306664
1,0.118,1.0272598854394641,0.9969711238400596,1.0272598854394641,93.34429853002919
2,0.118,1.1174474683578288,0.9878104398426059,1.0378115635295202,83.90192030621823
3,0.118,1.5897948656086087,0.9413430621585644,1.0130854230065902,49.352622046348614
4,0.118,2.1304099318876233,1.2350620088720659,0.9450563308659554,35.62861511924538
5,0.118,2.411836485815217,1.1582811801929869,0.9378781453096035,22.17567748510767
6,0.118,2.8991624743003985,1.1672444481150466,0.9221884583284639,15.02836197237161
7,0.118,3.5015884012822167,1.256142287129494,0.906290457301114,9.785512798000674
8,0.118,4.295334475811949,1.395768133677319,0.9301085730378125,8.630368258739434
9,0.118,4.57114033830313,1.4167035604751383,0.8934156600574412,6.168334187591248
10,0.118,4.674841707513946,1.398645695561102,0.8872201941952542,5.643041916051936
11,0.118,4.964820234857603,1.4166908271887928,0.8821838011833573,5.366068943028175
12,0.118,5.167802542832702,1.4350173153523234,0.8807624249559874,5.297013104813543
13,0.118,5.203184965046989,1.4361090595010624,0.8805200208849459,5.294141374607493
14,0.118,5.209486901383136,1.4368008722397871,0.8803266960582738,5.294069910168984
15,0.118,5.208894074499493,1.4367324375846866,0.8803435091404904,5.294069119744875
16,0.118,5.208893225003992,1.4367321898372567,0.8803434015812404,5.294069119710225
1,0.118,1.110318045904672,0.9664320729667139,0.630752802633852,13.225988388051508
2,0.118,1.1605398875433548,0.9843577274618064,0.5856437883457014,12.879990348228514
3,0.118,1.2564865850673308,1.023616192420254,0.5539728386640037,12.48251793056271
4,0.118,1.3931371807162312,1.0011872937471038,0.5683083526043579,12.092057915571907
5,0.118,1.695929445561883,0.8796484665347508,0.6334375310259527,11.470522776553487
6,0.118,2.0566746988037603,0.6678159534133565,0.7330176482958802,10.914088423907039
7,0.118,2.32571044273513,0.41706477092788485,0.8080110273248956,10.72343270921308
8,0.118,2.3272746526276733,0.4142650132834402,0.8425238463122355,10.598149753706876
9,0.118,2.3243126952815745,0.4095231716209341,0.8471329615937594,10.596653399239665
10,0.118,2.319526313225379,0.41005422171412464,0.8471590701010414,10.596537320786432
11,0.118,2.3180641450934556,0.410638747059727,0.8468294155606716,10.596532671252108
12,0.118,2.31794929842123,0.41071518984299665,0.8467776150882161,10.596532617028732
13,0.118,2.317948443454646,0.4107178701915646,0.8467755310535392,10.596532616870732
1,0.118,1.7639374171452218,1.7639374171452218,0.06629871237806229,33.407707425566265
2,0.118,1.7035943181925028,1.7484668321259575,0.09374877130811739,32.420758713853566
3,0.118,1.4156458852419382,1.7151794962369142,0.14837419915646977,29.865641802410867
4,0.118,1.1551892501032988,1.722627793704095,0.13439785581058075,27.906816002111835
5,0.118,0.531326703470069,1.8037363143105523,0.010119662342412322,24.028258826655385
6,0.118,0.40567204775259075,1.8510324046100852,-0.07857653396288461,23.265736834346097
7,0.118,0.37334545514501244,1.856103352755204,-0.08703189101454875,23.257649943035418
8,0.118,0.3669230642669585,1.8569982594595789,-0.08755154029486441,23.257423444097032
9,0.118,0.3665524361241686,1.8577586089931553,-0.08677689209503944,23.257403941080046
10,0.118,0.36533157868580174,1.864135208366799,-0.08035255213160404,23.257293532060114
11,0.118,0.3650694390527762,1.8741941639295407,-0.07030026891516344,23.257156032432597
12,0.118,0.3663740810825809,1.895786750101918,-0.0488095686829313,23.25691245045755
13,0.118,0.36887242385783314,1.9184044243045923,-0.026602531243820605,23.256756312784994
14,0.118,0.37016852171037096,1.9264986234070283,-0.018302406375895898,23.25674271342601
15,0.118,0.37024494029041227,1.9294186637004491,-0.015366931606880877,23.256740475705552
16,0.118,0.37014005301163044,1.9356439105332084,-0.009115761233468484,23.25673714097267
17,0.118,0.3699697048394468,1.9392177688602699,-0.005621882956133414,23.25673656188628
18,0.118,0.369983216151331,1.9407348806412983,-0.00405555103041512,23.256736409899027
19,0.118,0.369997173377064,1.9421269968191457,-0.0026690761660584693,23.256736359069205
20,0.118,0.37001127004505413,1.9434417229064425,-0.0013571211921948694,23.256736342673022
1,0.118,2.9651113068789074,0.781654299235677,-1.4018027084075535,258.7036084793269
2,0.118,1.9163220382715487,0.43500876702550034,-0.18086379271064434,115.2137142865615
3,0.118,1.5574491088642184,0.7370367299200229,0.11817763512969628,33.428774331776864
4,0.118,1.6861666466847014,0.7825725828105904,-0.031775630084704104,30.08686146661474
5,0.118,1.7495997681837685,0.8809788617655702,-0.11351162244629731,25.69511455211366
6,0.118,1.8223723470659716,0.9998543204092815,-0.19297369682225454,23.71175511862917
7,0.118,1.8342356800470723,1.0059863316770328,-0.2062962514402048,23.697501493804893
8,0.118,1.8347998247084893,1.0060848273956562,-0.20521571046438417,23.697210822591085
9,0.118,1.840736252369704,1.0065159327422664,-0.19752697204816255,23.695564433358236
10,0.118,1.8525673543944232,1.0069934163249135,-0.18503817798138172,23.69322908334437
11,0.118,1.8799151375224192,1.0076294922186064,-0.15901937543448597,23.688866710417066
12,0.118,1.9142939569823594,1.0080189406766624,-0.12897280234324132,23.68468582439179
13,0.118,1.9376841307759611,1.0079180438947264,-0.10913376497548022,23.683310739167148
14,0.118,1.9440381690131574,1.008015257984745,-0.1039678782317281,23.68324170008826
15,0.118,1.9448734914034786,1.0080170130485167,-0.10320341124190363,23.683240775932
16,0.118,1.945310346746392,1.0080193241654836,-0.10276909279160396,23.68324050865203
17,0.118,1.9454548703910728,1.0080164703061825,-0.10259889641191623,23.683240446379582
18,0.118,1.9454662468596522,1.0080184762769278,-0.1025858376209331,23.683240443341973
1,0.118,0.9858121975577936,0.9858121975577936,0.84393417313573,526.2811462038713
2,0.118,0.24005874853668585,0.8243860735205859,0.8677305716829464,157.09538434735336
3,0.118,0.21205425581479112,0.8137031587901016,0.8895842712937205,151.364367384623
4,0.118,0.20612091330176893,0.7611872849061568,1.0938595189740736,107.87790950146828
5,0.118,0.18367423874113648,0.7658829029602341,1.1200279612933455,103.09681987254697
6,0.118,0.16394760558021443,0.7792517684082654,1.1601416749890838,100.56512494606169
7,0.118,0.15967526740710922,0.8001934487004532,1.1853758758763633,98.54222805178418
8,0.118,0.15408960955986087,0.914233482497762,1.2341403538124989,91.57688484707388
9,0.118,0.1475023409622999,1.188029355293758,1.2842065376589307,80.82115191743154
10,0.118,0.1618884797274952,1.4532706302169167,1.2471741133589067,71.12054201114299
11,0.118,0.26364813944923865,2.2504298971030416,0.9282733459546283,43.046229384710486
12,0.118,0.2570711152205759,2.1093032000045455,0.9990593349505704,36.523885741720974
13,0.118,0.3228525668607091,2.2588951345515196,0.9425179814346731,22.294386395368935
14,0.118,0.4160046377736032,2.622862308909424,0.8806323184344274,13.001254905392553
15,0.118,0.46720528315764404,2.866766723609737,0.8954940293654792,6.33908941958023
16,0.118,0.5345113172159162,3.2738306171378984,0.8839997717792517,3.0265620421482415
17,0.118,0.563177559280559,3.4652376629995474,0.878715400448125,2.5479368217264096
18,0.118,0.5714611181200205,3.5255499397216954,0.8763760687174208,2.514964455478449
19,0.118,0.5716231468060986,3.531955258392756,0.8761078608635615,2.5139513195801024
20,0.118,0.571552276184496,3.5320979915436435,0.8761098729856829,2.513942631225057
21,0.118,0.571536834149962,3.532039708023756,0.876106706711009,2.513942475872182
22,0.118,0.5715300430768957,3.5319998126555525,0.8761083303518764,2.5139424645751527
23,0.118,0.5715300709167911,3.5319992103509863,0.8761082406833312,2.513942464528358
1,0.118,1.0538086123545611,0.9940212652939376,-0.059787347060623414,0.0,80.74997795840312
2,0.118,1.1309655043286817,0.9476869612821847,-0.0805771777196046,0.027579188508236967,63.0913487457022
3,0.118,1.4575863324770044,0.8370052942770131,-0.20323705627083177,0.1997321460459749,27.44607673447834
4,0.118,1.5389458370755995,0.8702124827999023,-0.2213087745029741,0.23020714764278646,23.737115562613667
5,0.118,1.9174507735030966,1.1064646653161652,-0.26712778716097896,0.3078664114233657,10.71703108021536
6,0.118,2.140923629146318,1.223884819929812,-0.28901117302815954,0.3140515654895896,7.867869445422285
7,0.118,2.3383381993035552,1.2937988416832051,-0.3112175222035592,0.2924653045875263,5.8351374224539745
8,0.118,2.6394566121797096,1.3573732348885208,-0.34635778106638565,0.22722101356657115,4.549789918122344
9,0.118,2.5976613382672324,1.3278384414029227,-0.35897947637581,0.2647603990867384,3.727120075220731
10,0.118,2.6331368188922406,1.3322992794741801,-0.36229807924985913,0.2553344670872837,3.6308545943027837
11,0.118,2.6481577524190794,1.3331955488928868,-0.3624837114579352,0.25140154088516653,3.6163050063427766
12,0.118,2.659115955572372,1.3317492533247226,-0.3589733419212956,0.247435826206477,3.5920596303862764
13,0.118,2.7443282394830457,1.3063607275745215,-0.31884204176663367,0.2125555561814339,3.3730571329030536
14,0.118,2.8431931044683822,1.2562359987727414,-0.2519269239979842,0.16083352435355514,3.026212219205478
15,0.118,2.8707154139417357,1.2343136471528369,-0.2258414345371186,0.1404563675760132,2.9448542471032764
16,0.118,2.8569919262782535,1.2119804385536326,-0.20953868873245785,0.1267410073883105,2.8826440340810144
17,0.118,2.7890876077018447,1.1931198578805224,-0.20477937982628652,0.12266821599109187,2.801983490686242
18,0.118,2.740205490954701,1.178730140730665,-0.19047372792387227,0.11257500114560406,2.7642551738935066
19,0.118,2.7296823836768063,1.1724616062956372,-0.18669666210914862,0.10445919586602212,2.7235259119994493
20,0.118,2.7405837416270433,1.143179195983943,-0.156765496319263,0.06357447577227665,2.6287610550725335
21,0.118,2.7882062778453713,1.1303124458218567,-0.12849281942623272,0.01834880167829353,2.578626595214406
22,0.118,2.7878395987807987,1.1324765334605664,-0.1322327531763935,0.02031130344559568,2.5642944832893355
23,0.118,2.7508471069854847,1.1124378355908109,-0.12389597185935963,0.005851524802839072,2.539785382349813
24,0.118,2.7480529624930945,1.1055952315241706,-0.11502795481002862,-0.009534076000864533,2.526239217018325
25,0.118,2.7462977744310444,1.098024354432751,-0.10549430132022294,-0.028944177315667848,2.5161329037697633
26,0.118,2.744033672779659,1.0945945771758419,-0.1026355890509957,-0.036820829442681155,2.5124634601459634
27,0.118,2.7404685641443622,1.0885121212496152,-0.09773227252186996,-0.04751654671312515,2.5103380941906837
28,0.118,2.7376543509325937,1.0852044306850421,-0.09527813374194581,-0.053610597053230534,2.5096721557341395
29,0.118,2.7367947593020654,1.0842055751754134,-0.09443068941509558,-0.05602571889110813,2.509490933854799
30,0.118,2.736323657691295,1.083165806571802,-0.09336261875182092,-0.05851104707345586,2.50946592994895
31,0.118,2.736385532474777,1.0834109731314316,-0.0936010577483168,-0.05797987763252002,2.509461783971733
32,0.118,2.736362425582898,1.0833906929505752,-0.09358318623384458,-0.058021037669073364,2.509461756343933
33,0.118,2.7363333053724377,1.0833816947416983,-0.09357602188603856,-0.05803528397172682,2.509461738213107
34,0.118,2.7363182727682305,1.0833834292944415,-0.09357749289731984,-0.05802936866827867,2.5094617331482265
35,0.118,2.73631728637011,1.0833852267915673,-0.09357933420661248,-0.058024742148376274,2.509461732900167
1,0.118,1.046375939888342,1.046375939888342,-0.051528822098158004,0.0,52.85239947231243
2,0.118,1.1266502427766445,1.1487339915810486,-0.10161854659212761,0.02826595577726184,39.030551221041314
3,0.118,1.5200875925806563,1.6671495137144134,-0.3198310676464589,0.26575595167158866,8.312959876895237
4,0.118,1.424799411101318,1.5560595247452689,-0.23959473709905768,0.17832862857109172,5.3068087448307155
5,0.118,1.451514295035044,1.5906719219228902,-0.25510928991184134,0.19519138048949694,4.953231364901854
6,0.118,1.458819199648299,1.6025060871352266,-0.2545251645613218,0.19363488085428868,4.906811795267452
7,0.118,1.5173387648504562,1.70809512761839,-0.23481746266452588,0.16565478321473207,4.575436714664154
8,0.118,1.5525003802750912,1.8168349091993239,-0.19791368866974568,0.1280510403489688,4.362514554220134
9,0.118,1.5452961656919189,1.8242890998006953,-0.19050366027599575,0.11796374661068142,4.291089871881312
10,0.118,1.5269445344426882,1.8333066755208671,-0.18050525713410326,0.10316372950467365,4.230309325110186
11,0.118,1.5191567719200414,1.8500265311687485,-0.1730755946449133,0.09398321485168945,4.211614298618926
12,0.118,1.4865116096171864,1.8998375451017886,-0.15920720556166365,0.0709826797852592,4.139514601497745
13,0.118,1.3696432681632478,2.0184368937270754,-0.12176292606433842,0.018384575707537515,3.98855854788863
14,0.118,1.1475330217906734,2.135320552115319,-0.09298410332005771,-0.036377747773699246,3.6225895998734257
15,0.118,0.2758617670260667,2.4277961869811877,-0.050789819900488545,-0.17207006179174386,2.70863903594244
16,0.118,0.285424103798578,2.453131967003025,-0.0539032331268673,-0.17564035912765852,2.5688164790909105
17,0.118,0.31558798785519765,2.5045788770104203,-0.052478808996407944,-0.18657009790519596,2.4943971734617993
18,0.118,0.3412005314223411,2.493998200448596,-0.053648039127962836,-0.18202206794538317,2.4918353430395994
19,0.118,0.34935762940722714,2.490413000033957,-0.05403837742886891,-0.18021777258641583,2.491468529932046
20,0.118,0.3612092066478994,2.4843907218331784,-0.05520016551350518,-0.17506045494147196,2.4898271900125426
21,0.118,0.37577734416177666,2.476077465094212,-0.057647590780329085,-0.16475964120920522,2.4879044006134103
22,0.118,0.37045025178587737,2.478185774498102,-0.05761947846101224,-0.16529619471327103,2.4877046788631096
23,0.118,0.3694072751850462,2.4783642533087944,-0.05766229094798229,-0.1651464622110537,2.487697041154032
24,0.118,0.3692341629730021,2.4784549213644236,-0.057646472719504606,-0.16520889180775136,2.4876969175507764
25,0.118,0.3691694552804185,2.478493838032977,-0.05764057904984512,-0.16523085083280878,2.4876969009087038
26,0.118,0.3691696684908419,2.47849384057869,-0.057640595129951074,-0.1652307894868244,2.4876969009080097
1,0.118,1.046375939888342,1.046375939888342,-0.051528822098158004,0.0,52.85239947231243
2,0.118,1.1266502427766445,1.1487339915810486,-0.10161854659212761,0.02826595577726184,39.030551221041314
3,0.118,1.5200875925806563,1.6671495137144134,-0.3198310676464589,0.26575595167158866,8.312959876895237
4,0.118,1.424799411101318,1.5560595247452689,-0.23959473709905768,0.17832862857109172,5.3068087448307155
5,0.118,1.451514295035044,1.5906719219228902,-0.25510928991184134,0.19519138048949694,4.953231364901854
6,0.118,1.458819199648299,1.6025060871352266,-0.2545251645613218,0.19363488085428868,4.906811795267452
7,0.118,1.5173387648504562,1.70809512761839,-0.23481746266452588,0.16565478321473207,4.575436714664154
8,0.118,1.5525003802750912,1.8168349091993239,-0.19791368866974568,0.1280510403489688,4.362514554220134
9,0.118,1.5452961656919189,1.8242890998006953,-0.19050366027599575,0.11796374661068142,4.291089871881312
10,0.118,1.5269445344426882,1.8333066755208671,-0.18050525713410326,0.10316372950467365,4.230309325110186
11,0.118,1.5191567719200414,1.8500265311687485,-0.1730755946449133,0.09398321485168945,4.211614298618926
12,0.118,1.4865116096171864,1.8998375451017886,-0.15920720556166365,0.0709826797852592,4.139514601497745
13,0.118,1.3696432681632478,2.0184368937270754,-0.12176292606433842,0.018384575707537515,3.98855854788863
14,0.118,1.1475330217906734,2.135320552115319,-0.09298410332005771,-0.036377747773699246,3.6225895998734257
15,0.118,0.2758617670260667,2.4277961869811877,-0.050789819900488545,-0.17207006179174386,2.70863903594244
16,0.118,0.285424103798578,2.453131967003025,-0.0539032331268673,-0.17564035912765852,2.5688164790909105
17,0.118,0.31558798785519765,2.5045788770104203,-0.052478808996407944,-0.18657009790519596,2.4943971734617993
18,0.118,0.3412005314223411,2.493998200448596,-0.053648039127962836,-0.18202206794538317,2.4918353430395994
19,0.118,0.34935762940722714,2.490413000033957,-0.05403837742886891,-0.18021777258641583,2.491468529932046
20,0.118,0.3612092066478994,2.4843907218331784,-0.05520016551350518,-0.17506045494147196,2.4898271900125426
21,0.118,0.37577734416177666,2.476077465094212,-0.057647590780329085,-0.16475964120920522,2.4879044006134103
22,0.118,0.37045025178587737,2.478185774498102,-0.05761947846101224,-0.16529619471327103,2.4877046788631096
23,0.118,0.3694072751850462,2.4783642533087944,-0.05766229094798229,-0.1651464622110537,2.487697041154032
24,0.118,0.3692341629730021,2.4784549213644236,-0.057646472719504606,-0.16520889180775136,2.4876969175507764
25,0.118,0.3691694552804185,2.478493838032977,-0.05764057904984512,-0.16523085083280878,2.4876969009087038
26,0.118,0.3691696684908419,2.47849384057869,-0.057640595129951074,-0.1652307894868244,2.4876969009080097
1,0.118,1.1398722963529595,0.98445863373856,0.15541366261439957,0.0,85.19839859261418
2,0.118,1.1802576006675676,0.9435030404717224,0.13648142411200603,0.04644910160473696,60.00205426576444
3,0.118,1.3911750078889544,0.8377579324463161,0.19539048723330932,0.16544729029413813,30.51686788728984
4,0.118,1.5119890138458,0.8504840220206157,0.23160466267143048,0.22104920372369474,25.43139993836269
5,0.118,1.720319560463835,0.9431205111823098,0.27508587494242903,0.29498785469247624,18.002165568255506
6,0.118,2.0004177326096615,1.1115778222127655,0.2973280785505446,0.3394510974311231,10.778216565245366
7,0.118,2.207722264904179,1.2123525790476952,0.3236999090869431,0.34170098501629503,8.324961368675204
8,0.118,2.427247191540185,1.289062963428913,0.36656236886386145,0.31345277840224534,5.863890213493296
9,0.118,2.6938976196090385,1.3430782985907321,0.4402057429839871,0.25848617551583236,4.464246931619838
10,0.118,2.6396491728598446,1.3089721236179916,0.44472746365401494,0.2862022600921177,3.6771911243656006
11,0.118,2.6738657603088303,1.3074628076380153,0.4574663242131122,0.2819143858126936,3.5825510612742764
12,0.118,2.6966464371030185,1.3081148514056304,0.4604189555399901,0.27836906293839336,3.555559158369502
13,0.118,2.7251610425814894,1.3068441137000417,0.4571288933485644,0.2723903820872203,3.5133519474839914
14,0.118,2.7913292719226686,1.2941843470883634,0.4269777507533315,0.2502745768627667,3.3690793521066866
15,0.118,2.8943520359493022,1.2281898823364437,0.2957947698626995,0.17355378212418773,3.083121888744995
16,0.118,2.8464154502981667,1.2354331853432978,0.30469410348909043,0.1775690624465986,2.9533699358360317
17,0.118,2.795806815164962,1.1994007349534097,0.23364040607544298,0.1333982658117988,2.8329193830930026
18,0.118,2.7505346816767493,1.187221132029737,0.23656427214187895,0.12995392719475146,2.7477822338209204
19,0.118,2.733321730532249,1.1603054015577952,0.20697774909502362,0.10121480663895518,2.6864445749737276
20,0.118,2.7476706702657134,1.140150550231566,0.18032677877529546,0.06760750543546688,2.6287052874175885
21,0.118,2.7836984985632163,1.1334373440794423,0.16743869477717982,0.039165652113619664,2.5853261899812328
22,0.118,2.782892015303958,1.1234707273161855,0.15025359424605775,0.018710534614682122,2.556240831841388
23,0.118,2.771796804748575,1.1167102445608552,0.14045075764014095,0.006307617257927226,2.5435430841235394
24,0.118,2.7414902165542494,1.110736277162974,0.1330098797073327,-0.00384350981123913,2.5308511743974385
25,0.118,2.7419900557702777,1.1030875824188648,0.12408982789338271,-0.018916987410401313,2.5247090606727016
26,0.118,2.748580805248801,1.0971389880948117,0.1187574019564553,-0.03257997989254807,2.5154436746209448
27,0.118,2.743931471986086,1.0908965886094788,0.1113986138989808,-0.04686283036357632,2.5118886470019315
28,0.118,2.738530545904835,1.0871923834439687,0.1071366058998705,-0.05686134827082459,2.5100303112104987
29,0.118,2.737135336566324,1.0849480987385742,0.10453738163423938,-0.061928606715260334,2.509553527648025
30,0.118,2.7368248222616103,1.0834095135886366,0.10291049301672207,-0.06545588428797337,2.509486749303725
31,0.118,2.7368791983347625,1.0834526981883106,0.10303682671298989,-0.06531034366164289,2.5094744963743714
32,0.118,2.7367021733129073,1.0833050350441253,0.10290089090922792,-0.06564090228507573,2.509472767625878
33,0.118,2.7366303360859368,1.0832563323897162,0.10285021911614509,-0.06575109071735732,2.509472678062005
34,0.118,2.736610867051125,1.0832507779413851,0.10284814783495251,-0.06575337426319457,2.509472676731384
1,0.118,1.0885274653241703,0.9901636149639811,0.09836385036018924,0.0,81.19713231519746
2,0.118,1.1443151682696087,0.9474922884350584,0.09755630186389772,0.03445261633762181,62.20650967451765
3,0.118,1.520702964458512,0.755338878624284,0.20572588076743556,0.21074806056173023,33.382661819541106
4,0.118,1.5019816361762732,0.8474120359330323,0.18115357623536524,0.1892994800490032,25.208699864359815
5,0.118,1.6125795036158321,0.9483509366789221,0.19420840440047105,0.21500283375077897,19.031830516705416
6,0.118,1.9459711619120246,1.1476301179370973,0.265359259446768,0.30608468317704657,10.833912331754634
7,0.118,2.1250423247395402,1.2151211630907368,0.30112637312116275,0.3241652726207266,8.573883593253942
8,0.118,2.5073697615723343,1.3038722055918628,0.2976003240121196,0.2162533160067373,5.86938556784438
9,0.118,2.5290729466827626,1.268349735588044,0.32366795640169244,0.24228109931086295,3.8672201966748028
10,0.118,2.6737365647685705,1.25910177928637,0.3367897510582823,0.2153719671391331,3.2895649137383884
11,0.118,2.6923019021288113,1.2653451452793327,0.33845496143404163,0.21935237727632173,3.249060244049732
12,0.118,2.7434301154126017,1.275658830753345,0.3375483698909294,0.2188486983015293,3.2008272369498236
13,0.118,2.777942849239691,1.2657912719649862,0.3182370972431396,0.20361456703130765,3.109705916542435
14,0.118,2.809179606618543,1.218215735108986,0.25252683428901346,0.1538373063176604,2.8728231542810154
15,0.118,2.8104688376961082,1.1968547882006935,0.22400838411205493,0.13058154244693176,2.814578984938848
16,0.118,2.7846079632000524,1.169023128042533,0.19147410989643932,0.09724871429272475,2.7130785034052307
17,0.118,2.741015516447989,1.1491190994999982,0.17348715727113354,0.06813237004621904,2.621754692655981
18,0.118,2.735794719271768,1.1324109961436482,0.1529934278893508,0.04423281391716918,2.582924588667273
19,0.118,2.739929215741693,1.1247934036985208,0.1433296213303267,0.030373523508148235,2.5693902131169346
20,0.118,2.7632691160641243,1.1167847270697544,0.13175932770862503,0.007799509258533382,2.543107926814878
21,0.118,2.759888426861155,1.1092757196363208,0.12372634533845955,-0.008193686580354586,2.5272378847213592
22,0.118,2.745002136194484,1.094662133996158,0.10912660906967994,-0.03431386220842261,2.5203541244648098
23,0.118,2.7331039306419207,1.0897406376955796,0.10603922584319445,-0.045924233739394374,2.515768470603327
24,0.118,2.734844669159243,1.0854713911965794,0.10090802378761587,-0.05467867168827079,2.5100245600067677
25,0.118,2.7371911890240614,1.0853624926520928,0.1005411634131578,-0.05604495918537213,2.50970503562209
26,0.118,2.7376434618667225,1.0838095137299886,0.09869310685743034,-0.060414084861950296,2.509512140485509
27,0.118,2.7375626880621757,1.0841057311492481,0.09877043526030757,-0.06013234276209434,2.509493114474332
28,0.118,2.736882070737803,1.083555429524632,0.09827668465400022,-0.06135975133851289,2.5094690704454625
29,0.118,2.7364763699223476,1.083296501967001,0.09804582971512563,-0.06186460265689901,2.5094672507706615
30,0.118,2.7364645268179966,1.0833177713713613,0.09807290665654862,-0.06180751336722744,2.5094671977191494
31,0.118,2.7364678591439384,1.0833168654191963,0.09807124455815634,-0.061810716744079855,2.509467196908893
1,0.118,1.349293832248696,1.349293832248696,0.5730853161404826,190.65890320694723
2,0.118,1.62473629554868,1.409676440368436,0.24709615329773366,75.26184286017084
3,0.118,1.8434344281809179,1.2081901586210306,0.0850929048190216,38.0835452361373
4,0.118,2.0108025347915337,0.79490463732575,0.059678311157377026,16.80201710161934
5,0.118,1.9769178991598786,0.9793492569041569,0.07729828296590857,11.440640896432507
6,0.118,2.01424681360632,0.9448270829540142,0.07478436541548306,9.912354846664094
7,0.118,2.0867827102621566,0.9325637584271195,0.07800395808897004,8.524085420156334
8,0.118,2.2329771988667404,0.959314996814255,0.09415402866512615,6.248145526865897
9,0.118,2.551638612463525,1.0737965541585324,0.14008026133479767,2.5630828786019992
10,0.118,2.726729712396776,1.15979265996997,0.16170613342157553,1.5961169912874185
11,0.118,2.760222344727737,1.1713109040197704,0.16165229515262472,1.5610584298846812
12,0.118,2.7674123408748357,1.1729500402439754,0.16179785066695132,1.560014306016605
13,0.118,2.7701485871538654,1.1732098657249945,0.16194019460951417,1.5598233871940435
14,0.118,2.770667963042453,1.1730340360075946,0.16196981591463136,1.559795166334265
15,0.118,2.7707972487551626,1.173112564887187,0.1620322914504533,1.559793936237873
16,0.118,2.7707110388512297,1.173075201050519,0.16201456039210918,1.5597937523735796
17,0.118,2.770704071748964,1.173073360967899,0.16201420055773383,1.5597937518030769
1,0.118,1.6052660492308288,0.9327482167521302,0.26023038427343137,60.8962064793563
2,0.118,1.8168503617261078,0.8959313969336663,-0.019049759403792443,24.615767747593825
3,0.118,1.7359523529749856,0.9164005309497275,0.09957855516076404,10.584598659111267
4,0.118,1.7596337733097673,0.9162373116254747,0.0745267112105228,9.048776473445304
5,0.118,1.7732889278484962,0.9208636488250275,0.06863923112526561,8.830426826125981
6,0.118,1.8073164349006021,0.9355147940313738,0.06245554401129684,8.401960635573765
7,0.118,1.8986358000230885,0.9747774799364978,0.05703653181990662,7.442325659945294
8,0.118,2.0752825694449544,1.0338498140053334,0.060807481813985154,5.891874462554612
9,0.118,2.5103894278645282,1.0755318712772206,0.08406926718685587,3.4381090119709388
10,0.118,2.7245822033890383,1.1291637838230193,0.11456431058263757,2.63890740562819
11,0.118,2.6779264564070524,1.0942276680054552,0.11742267229364595,2.2406702715198996
12,0.118,2.6768563429778296,1.0873713718664773,0.12096951158429355,2.2188641348027636
13,0.118,2.674319552243021,1.0871545835182563,0.12116878388219036,2.2184895653842034
14,0.118,2.6723327506653294,1.0869941677355905,0.12113500177274035,2.218446781940661
15,0.118,2.6720684292658046,1.0869634341798968,0.12111394378141342,2.218446162600946
16,0.118,2.672042525372076,1.0869594645881653,0.1211105386557247,2.218446150937694
17,0.118,2.6720423547820635,1.0869593794389811,0.1211104866653451,2.218446150933038
1,0.118,1.5865873240551518,0.9348236306605386,0.2830599372659255,79.12256713774288
2,0.118,1.7030869580012622,0.9375847493229409,0.12149307603238554,19.355067545278057
3,0.118,1.7896944688964875,0.9295882194121066,0.03481447430100888,13.99369547228482
4,0.118,1.7780307820205985,0.9273981461164449,0.06364379413279196,12.505956027968685
5,0.118,1.7923264354369906,0.9246960284390209,0.06650044417435443,12.15129792401896
6,0.118,1.9849619009541692,0.9253789558955009,0.0902336439457558,9.117156451649388
7,0.118,2.2266392744334857,0.9765819307406949,0.11490768693096592,6.005627308113471
8,0.118,2.636285759788686,1.0878859754330859,0.13903767218846613,2.8807143795866272
9,0.118,2.762584791023162,1.1051690555460572,0.12976023581252163,2.4179027348367566
10,0.118,2.779898853093424,1.1141986685723415,0.13134997362598486,2.39449545225383
11,0.118,2.7737203817101017,1.114305435050416,0.13056627273820218,2.392000506669231
12,0.118,2.765774148960891,1.1137840732405122,0.12975871597698313,2.391206623962171
13,0.118,2.7657106956366535,1.1137612151098992,0.1297597502508679,2.391206498115003
14,0.118,2.7657063924756256,1.113759949401387,0.1297597849473686,2.3912064977763285
1,0.118,1.789976446143395,1.1647712749669126,0.034473232491406325,41.499295988852616
2,0.118,1.8012546548553248,0.9695550717557337,0.17650428403414298,30.751479997218887
3,0.118,1.9668405123811938,0.8941013051839617,0.06276560641774567,10.131727314181793
4,0.118,1.9959561656628761,0.9104583805159832,0.0475285399439134,9.518381110877348
5,0.118,2.0220190484681235,0.9115886494372206,0.04746372453555202,9.126951342402368
6,0.118,2.379347813093782,0.9945109422215552,0.07609861166488482,4.535575149557014
7,0.118,2.742025903673369,1.1463688782454209,0.13363959313034665,3.380350720778137
8,0.118,2.683414269999656,1.0911667487055874,0.11588955484528594,2.5828910494159776
9,0.118,2.7359293990114906,1.098529552316073,0.11883517912942765,2.5103499245888
10,0.118,2.7844063539283628,1.1069898726400815,0.12144768382864297,2.488117224956738
11,0.118,2.7880894341157942,1.1076108505749234,0.1215754768986298,2.4879893420328023
12,0.118,2.788225645940548,1.1076335164650128,0.12157821974761392,2.487989155846866
13,0.118,2.7882254050899826,1.1076336498139245,0.12157800836785163,2.487989155756976
1,0.118,1.6123134790347127,0.931965168996143,0.2516168589575736,54.88046464147622
2,0.118,1.803756775946464,0.8928337078783517,0.001975339357634387,17.076902186823713
3,0.118,1.7430592804587572,0.9127049648291832,0.09165806707456092,9.183596960535567
4,0.118,1.7622550844481524,0.913112974513934,0.07233819106618875,8.296660624081804
5,0.118,1.7743950911078792,0.918203356399131,0.06768240067685677,8.117285030114795
6,0.118,1.81761175196919,0.9395928454193807,0.06015022128811006,7.617616178579799
7,0.118,1.903853966224846,0.9796703482659643,0.05609538538730488,6.807647291404826
8,0.118,2.09736778685165,1.0352812072200748,0.06163419393677829,5.2691460885625725
9,0.118,2.515197337314983,1.0634279474673443,0.08613824105623726,3.2608063605986306
10,0.118,2.7173935780977474,1.115465284856587,0.11427301900833764,2.5883606577941936
11,0.118,2.658817774253026,1.085636693230545,0.11467229416868734,2.3423881059159783
12,0.118,2.6509542985608876,1.0789092694259423,0.11750867247444147,2.3249479255509096
13,0.118,2.6476287144921207,1.0783750539441586,0.11788028250330619,2.324357087938148
14,0.118,2.6459809470352,1.0782924310159652,0.1178517047294508,2.324319947370953
15,0.118,2.645681452962768,1.0782776070599194,0.11782519152284886,2.3243190764588664
16,0.118,2.6456538243700134,1.0782750416275881,0.11782116767452498,2.3243190633168793
17,0.118,2.6456534285471696,1.0782748495528063,0.1178210546547352,2.3243190632896584
1,0.118,1.6052660492308288,0.9327482167521302,0.26023038427343137,60.8962064793563
2,0.118,1.8168503617261078,0.8959313969336663,-0.019049759403792443,24.615767747593825
3,0.118,1.7359523529749856,0.9164005309497275,0.09957855516076404,10.584598659111267
4,0.118,1.7596337733097673,0.9162373116254747,0.0745267112105228,9.048776473445304
5,0.118,1.7732889278484962,0.9208636488250275,0.06863923112526561,8.830426826125981
6,0.118,1.8073164349006021,0.9355147940313738,0.06245554401129684,8.401960635573765
7,0.118,1.8986358000230885,0.9747774799364978,0.05703653181990662,7.442325659945294
8,0.118,2.0752825694449544,1.0338498140053334,0.060807481813985154,5.891874462554612
9,0.118,2.5103894278645282,1.0755318712772206,0.08406926718685587,3.4381090119709388
10,0.118,2.7245822033890383,1.1291637838230193,0.11456431058263757,2.63890740562819
11,0.118,2.6779264564070524,1.0942276680054552,0.11742267229364595,2.2406702715198996
12,0.118,2.6768563429778296,1.0873713718664773,0.12096951158429355,2.2188641348027636
13,0.118,2.674319552243021,1.0871545835182563,0.12116878388219036,2.2184895653842034
14,0.118,2.6723327506653294,1.0869941677355905,0.12113500177274035,2.218446781940661
15,0.118,2.6720684292658046,1.0869634341798968,0.12111394378141342,2.218446162600946
16,0.118,2.672042525372076,1.0869594645881653,0.1211105386557247,2.218446150937694
17,0.118,2.6720423547820635,1.0869593794389811,0.1211104866653451,2.218446150933038
1,0.118,1.6123134790347127,0.931965168996143,0.2516168589575736,54.88046464147622
2,0.118,1.803756775946464,0.8928337078783517,0.001975339357634387,17.076902186823713
3,0.118,1.7430592804587572,0.9127049648291832,0.09165806707456092,9.183596960535567
4,0.118,1.7622550844481524,0.913112974513934,0.07233819106618875,8.296660624081804
5,0.118,1.7743950911078792,0.918203356399131,0.06768240067685677,8.117285030114795
6,0.118,1.81761175196919,0.9395928454193807,0.06015022128811006,7.617616178579799
7,0.118,1.903853966224846,0.9796703482659643,0.05609538538730488,6.807647291404826
8,0.118,2.09736778685165,1.0352812072200748,0.06163419393677829,5.2691460885625725
9,0.118,2.515197337314983,1.0634279474673443,0.08613824105623726,3.2608063605986306
10,0.118,2.7173935780977474,1.115465284856587,0.11427301900833764,2.5883606577941936
11,0.118,2.658817774253026,1.085636693230545,0.11467229416868734,2.3423881059159783
12,0.118,2.6509542985608876,1.0789092694259423,0.11750867247444147,2.3249479255509096
13,0.118,2.6476287144921207,1.0783750539441586,0.11788028250330619,2.324357087938148
14,0.118,2.6459809470352,1.0782924310159652,0.1178517047294508,2.324319947370953
15,0.118,2.645681452962768,1.0782776070599194,0.11782519152284886,2.3243190764588664
16,0.118,2.6456538243700134,1.0782750416275881,0.11782116767452498,2.3243190633168793
17,0.118,2.6456534285471696,1.0782748495528063,0.1178210546547352,2.3243190632896584
1,0.118,1.6052660492308288,0.9327482167521302,0.26023038427343137,60.8962064793563
2,0.118,1.8168503617261078,0.8959313969336663,-0.019049759403792443,24.615767747593825
3,0.118,1.7359523529749856,0.9164005309497275,0.09957855516076404,10.584598659111267
4,0.118,1.7596337733097673,0.9162373116254747,0.0745267112105228,9.048776473445304
5,0.118,1.7732889278484962,0.9208636488250275,0.06863923112526561,8.830426826125981
6,0.118,1.8073164349006021,0.9355147940313738,0.06245554401129684,8.401960635573765
7,0.118,1.8986358000230885,0.9747774799364978,0.05703653181990662,7.442325659945294
8,0.118,2.0752825694449544,1.0338498140053334,0.060807481813985154,5.891874462554612
9,0.118,2.5103894278645282,1.0755318712772206,0.08406926718685587,3.4381090119709388
10,0.118,2.7245822033890383,1.1291637838230193,0.11456431058263757,2.63890740562819
11,0.118,2.6779264564070524,1.0942276680054552,0.11742267229364595,2.2406702715198996
12,0.118,2.6768563429778296,1.0873713718664773,0.12096951158429355,2.2188641348027636
13,0.118,2.674319552243021,1.0871545835182563,0.12116878388219036,2.2184895653842034
14,0.118,2.6723327506653294,1.0869941677355905,0.12113500177274035,2.218446781940661
15,0.118,2.6720684292658046,1.0869634341798968,0.12111394378141342,2.218446162600946
16,0.118,2.672042525372076,1.0869594645881653,0.1211105386557247,2.218446150937694
17,0.118,2.6720423547820635,1.0869593794389811,0.1211104866653451,2.218446150933038
1,0.118,1.4241768146062173,1.4241768146062173,0.48156167103684555,69.3228505372673
2,0.118,1.5982742530762557,1.483373411056707,0.37199207354188757,52.43255835474407
3,0.118,1.763929551096228,1.4635706609439048,0.3567124829548375,38.15240555302439
4,0.118,2.344732897307377,1.2554160684973494,0.2988578977634716,8.937838708775011
5,0.118,2.5863205513300547,1.2533196240269084,0.23734190562849472,3.7546928757752607
6,0.118,2.7991191176756685,1.2193780538133006,0.19490442990777876,2.3825217867894284
7,0.118,2.8710553526461617,1.2246243736621731,0.18360558811749655,2.286317843398425
8,0.118,2.884702670760348,1.2177097057287758,0.18126415956303712,2.2729568096122836
9,0.118,2.882229880881036,1.2178461220427135,0.18114586103744973,2.2717429306695855
10,0.118,2.8780278483556234,1.216159077113385,0.17983102410667143,2.2689921722035487
11,0.118,2.8690120262462497,1.208336657745104,0.17453714832107534,2.2616029375833366
12,0.118,2.852111318998988,1.185059389791772,0.1594052177410449,2.2439999776344792
13,0.118,2.8158009624043556,1.1118733652587103,0.11182051182335571,2.1969557542537257
14,0.118,2.8103619030696856,1.079455279396412,0.08920869939397162,2.1835258998044687
15,0.118,2.8291904629932976,1.0682024547266362,0.07796278516088245,2.1742149243914373
16,0.118,2.83484250103943,1.0709265115204842,0.07859292804488682,2.173352781687503
17,0.118,2.8342156993077845,1.0657775995526189,0.07455827610486251,2.1729037057218425
18,0.118,2.8314566623971444,1.0578207895885094,0.06831286086814918,2.1724551411955404
19,0.118,2.83056199803287,1.05665720984806,0.06729983549365337,2.1723989087866094
20,0.118,2.8304771663467,1.0565021418187497,0.06716124267159504,2.1723982322835593
21,0.118,2.8304770461403472,1.0564915242148936,0.067152399092001,2.172398231822441
1,0.118,1.2586640752867186,1.2586640752867186,0.6838550190940107,206.15539254660226
2,0.118,1.5642277403254123,1.3839978364353314,0.36279881976181805,68.68854213381228
3,0.118,1.8684688977430546,1.369412822833995,0.16578357735645147,54.10732063249165
4,0.118,1.8851833109586558,1.2671388601065119,0.21984738904803,30.504529115720437
5,0.118,2.087068036717179,1.0826719395390338,0.1972446882021489,14.405060163045238
6,0.118,2.2382981806058453,1.0317627193972374,0.1519594650254469,8.65790955031649
7,0.118,2.6277733768153593,1.1264404907747778,0.10579545663301154,4.200256339771545
8,0.118,2.6375050318345483,1.064738116730575,0.10270538893500093,2.281168472026567
9,0.118,2.6872320352072236,1.0601555180302886,0.0977169861489069,2.174377307525242
10,0.118,2.7153053747348657,1.0672651541104983,0.09882083553565464,2.142580708760722
11,0.118,2.7388942003212913,1.078262782106045,0.10386741253865645,2.113378284338825
12,0.118,2.7917940636895797,1.1162124188822715,0.12498629384174656,2.032991141900411
13,0.118,2.8563382148798375,1.2007556385184315,0.17700702424885129,1.9355608987605688
14,0.118,2.8363152428125873,1.187383969604286,0.16841032859479801,1.928836864645632
15,0.118,2.835795335369213,1.191652266418979,0.17097101335361334,1.927979615370684
16,0.118,2.8356499883672805,1.1920850012675726,0.17125668156439372,1.9279689231861021
17,0.118,2.835541309050298,1.1920200241770909,0.1712305515643034,1.9279685673472884
18,0.118,2.8354319551322593,1.1919366495891808,0.17119533583644023,1.9279684239845818
19,0.118,2.835432451142167,1.191936046903015,0.17119501834213716,1.9279684239602741
1,0.118,1.3128430379367515,1.3128430379367515,0.6176362869661925,195.10436540962547
2,0.118,1.590007457083229,1.406938959102384,0.3051854111982196,71.53925854245931
3,0.118,1.8484755839040918,1.3155916722844307,0.12172380008938297,48.638751811244006
4,0.118,1.9284582687112841,1.1342411331596618,0.1380188355612086,20.159488994450687
5,0.118,2.035861267187825,0.9977491731113326,0.11106583944909706,10.432713206181035
6,0.118,2.1751876596921544,0.9031638549214783,0.06453752313848193,6.913527488096913
7,0.118,2.2883211682737854,0.9101813405131557,0.035261942933180704,4.570888136940191
8,0.118,2.381690722486729,0.9040820954611926,0.014793559311563922,4.054610157140914
9,0.118,2.410017591285292,0.9057700804774171,0.01451242228569476,3.933396833295241
10,0.118,2.5222180495674453,0.9538725195445019,0.042480938503069686,3.2333907222396556
11,0.118,2.7931700156436365,1.1490126815374,0.16738694146741473,1.9877875230285798
12,0.118,2.7812216308748927,1.1462132115656252,0.15599540653300165,1.7927980567159993
13,0.118,2.828981706493254,1.194886397230207,0.17535148476825463,1.689948069712737
14,0.118,2.836260101937228,1.2015807522308983,0.177599634086442,1.6877869714261393
15,0.118,2.8380175161444177,1.2025101029341505,0.17787631861913947,1.6877241268416214
16,0.118,2.839152859931106,1.2028877174308978,0.1780161032994608,1.6877087375940114
17,0.118,2.8394906745242925,1.2028967883208412,0.17802681821302624,1.6877063394856588
18,0.118,2.8394754802772306,1.2028698942285962,0.17801504427566334,1.6877063098029816
19,0.118,2.8394735033136453,1.2028695568887613,0.1780164200054808,1.6877063096489684
1,0.118,1.3718631544895132,1.3718631544895132,0.5455005889572616,192.49953861393269
2,0.118,1.622294674363386,1.4300140299009547,0.23992239095040602,79.08952866621713
3,0.118,1.8242945391364416,1.2394901311814939,0.077163835739673,43.37733078417142
4,0.118,1.9543176585666222,0.8633398891713882,0.05663109655758786,10.317868531682794
5,0.118,1.998230684464001,0.8832924498497436,0.032681486409079766,8.19729394318103
6,0.118,2.0924776575829167,0.8302069208871159,-0.010029835099939925,6.7044549657361285
7,0.118,2.171875026343142,0.8470873207541527,-0.001909527035953962,5.787309886781964
8,0.118,2.5352815574396175,1.021313189950145,0.09733891680223866,2.588342486771556
9,0.118,2.728177593406081,1.1341196513454583,0.15433198536572718,2.2051968837734193
10,0.118,2.7358327896192076,1.1230440587806114,0.13902864436797321,2.047581358743115
11,0.118,2.7590530052896987,1.1337404349502598,0.14321256276566685,2.0402532343910296
12,0.118,2.766333168891432,1.1364199630574494,0.14436511270043284,2.0397855133373626
13,0.118,2.767381480593536,1.136469817088211,0.14442274778878303,2.039753162061929
14,0.118,2.7675019567315835,1.1363494726836172,0.14439702802841783,2.0397495232720626
15,0.118,2.767474001224898,1.136334472226805,0.14439181572487808,2.0397495120345925
16,0.118,2.7674702359810603,1.1363331269374592,0.1443913072515245,2.039749511953103
1,0.118,1.7924710786312463,1.7924710786312463,0.03142423722847687,172.87335241878378
2,0.118,1.5511161354973497,1.281329744873517,0.4106025159699111,145.37315277056425
3,0.118,1.6984530457639009,1.3064391612136508,0.24187859222942215,74.72558331451512
4,0.118,1.9855060213046452,1.040676000322963,-0.0280905020524577,29.485713961428484
5,0.118,1.9602019152021546,0.84644775104159,0.04376587870014978,8.886924233302292
6,0.118,1.9818881643948907,0.8718218270832726,0.025334530382534123,7.612551431926758
7,0.118,2.0098607888455855,0.8508106320622535,0.011685737535791175,7.179535973720272
8,0.118,2.0716069151086143,0.8492132341383127,0.011237409248455664,6.477385257806782
9,0.118,2.300604148948714,0.9132311174161706,0.04352044491209062,4.3903557630682934
10,0.118,2.6424434356531226,1.0769906015786521,0.12740068046739325,2.780993960130888
11,0.118,2.644422034716218,1.0673521033805107,0.11369246170892794,2.6010550705253754
12,0.118,2.6889531395982655,1.0845723724021543,0.11881103168086696,2.573342925346587
13,0.118,2.7004195768899923,1.0879219806566953,0.1201796332192593,2.571942651455403
14,0.118,2.7034672971178475,1.0881124057866818,0.1204007661661853,2.5717405578889054
15,0.118,2.7036593555363515,1.0879501662399629,0.12039313421968964,2.5717303109480416
16,0.118,2.703591193288312,1.0879184075832078,0.12038458916326301,2.5717302311403705
17,0.118,2.703581589379046,1.0879155201557287,0.12038356205586939,2.571730230488975
1,0.118,1.793877045842653,1.793877045842653,0.029705832858979764,160.13046403439677
2,0.118,1.5789146033208072,1.2714220038330397,0.3652933059620479,122.6225494240286
3,0.118,1.7138813496945509,1.2302006507742678,0.21588181368122183,58.45799218195414
4,0.118,2.006039160564849,0.8525540530654792,-0.0467808027385872,12.530507418018944
5,0.118,1.9952271688812577,0.7845729190782674,-0.023991683147441725,7.933271609998463
6,0.118,1.9814441247927532,0.8129315803738439,-0.0070919521441501435,7.45051504873718
7,0.118,2.0324199944334858,0.8869363167378023,0.03696178475557426,6.283601210905506
8,0.118,2.16052264565108,0.9599460653452379,0.07552055576306013,5.140695909033338
9,0.118,2.3938391927184495,1.0246502940362392,0.10292791524291114,3.43482316762593
10,0.118,2.590601280872562,1.0483230641207446,0.10420929694678309,2.6057977118797853
11,0.118,2.677688380346856,1.0797176522167593,0.1172099183626888,2.5214990646817763
12,0.118,2.694452183662614,1.0830576730956645,0.11813418525454535,2.5186570955465446
13,0.118,2.6962276158103275,1.0833228486797213,0.11822988309771126,2.518625583421147
14,0.118,2.696312573882129,1.0833158786664325,0.11824301770326552,2.518624922784819
15,0.118,2.6963046380633213,1.083299681935242,0.1182462284266696,2.5186248225671197
16,0.118,2.6963001906935666,1.0832986201944332,0.11824602386914713,2.5186248223829835
1,0.118,1.782358949578093,0.9130712278246563,0.04378350607121961,11.160128341710355
2,0.118,1.9306122807795334,0.8377688725127219,-0.022579378791251537,9.505380939500137
3,0.118,1.9628616692442595,0.802653064734889,-0.0013625975892860437,7.698819407134545
4,0.118,1.9408665866921497,0.8213868291583142,0.01054092956002754,7.430233057095244
5,0.118,1.9592497132198659,0.8435435192304271,0.02347515904782556,6.971375258549364
6,0.118,2.1542733414287185,0.967038309574086,0.08863491143573524,5.271200338186812
7,0.118,2.2629525772916965,0.983888074342653,0.0917502629310187,4.090214442185719
8,0.118,2.566093687997636,1.0528184778705414,0.10881420210261669,2.6163038538705616
9,0.118,2.6546953889872227,1.0726390365235796,0.11409968627952116,2.5160662764451205
10,0.118,2.6869417215451854,1.0798861765392829,0.11666795698721653,2.508325190499395
11,0.118,2.6895595329083437,1.0795985818187948,0.11657175903552489,2.508179056670702
12,0.118,2.6903096101690993,1.079925160945571,0.11681320610161984,2.508147935376618
13,0.118,2.6899687161240395,1.0798163972288024,0.1167850456200386,2.508146709863697
14,0.118,2.6899806186498716,1.079806108764855,0.11678713921038289,2.5081466643989896
15,0.118,2.6899477014177413,1.079797604631233,0.11678409859205928,2.508146657968195
16,0.118,2.6899482490875055,1.0797977351017485,0.11678413666041798,2.508146657965879
1,0.118,1.2586640752867186,1.2586640752867186,0.6838550190940107,206.15539254660226
2,0.118,1.5642277403254123,1.3839978364353314,0.36279881976181805,68.68854213381228
3,0.118,1.8684688977430546,1.369412822833995,0.16578357735645147,54.10732063249165
4,0.118,1.8851833109586558,1.2671388601065119,0.21984738904803,30.504529115720437
5,0.118,2.087068036717179,1.0826719395390338,0.1972446882021489,14.405060163045238
6,0.118,2.2382981806058453,1.0317627193972374,0.1519594650254469,8.65790955031649
7,0.118,2.6277733768153593,1.1264404907747778,0.10579545663301154,4.200256339771545
8,0.118,2.6375050318345483,1.064738116730575,0.10270538893500093,2.281168472026567
9,0.118,2.6872320352072236,1.0601555180302886,0.0977169861489069,2.174377307525242
10,0.118,2.7153053747348657,1.0672651541104983,0.09882083553565464,2.142580708760722
11,0.118,2.7388942003212913,1.078262782106045,0.10386741253865645,2.113378284338825
12,0.118,2.7917940636895797,1.1162124188822715,0.12498629384174656,2.032991141900411
13,0.118,2.8563382148798375,1.2007556385184315,0.17700702424885129,1.9355608987605688
14,0.118,2.8363152428125873,1.187383969604286,0.16841032859479801,1.928836864645632
15,0.118,2.835795335369213,1.191652266418979,0.17097101335361334,1.927979615370684
16,0.118,2.8356499883672805,1.1920850012675726,0.17125668156439372,1.9279689231861021
17,0.118,2.835541309050298,1.1920200241770909,0.1712305515643034,1.9279685673472884
18,0.118,2.8354319551322593,1.1919366495891808,0.17119533583644023,1.9279684239845818
19,0.118,2.835432451142167,1.191936046903015,0.17119501834213716,1.9279684239602741
1,0.118,1.2921912653365153,1.2921912653365153,0.6428773423664811,202.8894800123005
2,0.118,1.57999387330937,1.3988559400168519,0.32726664335391437,71.55511250576242
3,0.118,1.856507313379837,1.3391282023185476,0.13841874468223195,51.82640229572632
4,0.118,1.9115359140396597,1.198004530394764,0.1702577462026814,25.415632736245282
5,0.118,2.1656100236400153,0.9083296545127882,0.12304476603817255,14.372471151027563
6,0.118,2.152841708303006,1.0142590369124722,0.11202359848964613,8.158882697778704
7,0.118,2.2354649026646776,0.9822216361899669,0.08255093730138734,5.889519163922921
8,0.118,2.428069770069582,0.9416092849264045,0.042317149675629204,3.503723730352582
9,0.118,2.529966429894491,0.9747555273005832,0.051549908705146766,2.9399697043004096
10,0.118,2.645615678571496,1.0243913992744056,0.07851513338250021,2.494118678885744
11,0.118,2.8075174324015477,1.1603632183234498,0.16210387477865867,1.87187868549544
12,0.118,2.8309944276754413,1.1932721896216882,0.1779604931945377,1.8166314911420973
13,0.118,2.8287481073808403,1.2006583397115234,0.17695358136344969,1.7942499968372247
14,0.118,2.8381580919790994,1.2065322824748952,0.180319457514475,1.792547134296936
15,0.118,2.842050821151134,1.207938218522663,0.18088554599921283,1.7922958105073792
16,0.118,2.8442384635467013,1.2084802984342886,0.18098588068836355,1.7922364417831267
17,0.118,2.8442695468639663,1.208510864795544,0.1809950746482753,1.7922363919668933
18,0.118,2.8442678435536526,1.208510447380453,0.18099460656731434,1.7922363918283293
1,0.118,1.3128430379367515,1.3128430379367515,0.6176362869661925,195.10436540962547
2,0.118,1.590007457083229,1.406938959102384,0.3051854111982196,71.53925854245931
3,0.118,1.8484755839040918,1.3155916722844307,0.12172380008938297,48.638751811244006
4,0.118,1.9284582687112841,1.1342411331596618,0.1380188355612086,20.159488994450687
5,0.118,2.035861267187825,0.9977491731113326,0.11106583944909706,10.432713206181035
6,0.118,2.1751876596921544,0.9031638549214783,0.06453752313848193,6.913527488096913
7,0.118,2.2883211682737854,0.9101813405131557,0.035261942933180704,4.570888136940191
8,0.118,2.381690722486729,0.9040820954611926,0.014793559311563922,4.054610157140914
9,0.118,2.410017591285292,0.9057700804774171,0.01451242228569476,3.933396833295241
10,0.118,2.5222180495674453,0.9538725195445019,0.042480938503069686,3.2333907222396556
11,0.118,2.7931700156436365,1.1490126815374,0.16738694146741473,1.9877875230285798
12,0.118,2.7812216308748927,1.1462132115656252,0.15599540653300165,1.7927980567159993
13,0.118,2.828981706493254,1.194886397230207,0.17535148476825463,1.689948069712737
14,0.118,2.836260101937228,1.2015807522308983,0.177599634086442,1.6877869714261393
15,0.118,2.8380175161444177,1.2025101029341505,0.17787631861913947,1.6877241268416214
16,0.118,2.839152859931106,1.2028877174308978,0.1780161032994608,1.6877087375940114
17,0.118,2.8394906745242925,1.2028967883208412,0.17802681821302624,1.6877063394856588
18,0.118,2.8394754802772306,1.2028698942285962,0.17801504427566334,1.6877063098029816
19,0.118,2.8394735033136453,1.2028695568887613,0.1780164200054808,1.6877063096489684
1,0.118,1.3433478811123223,1.3433478811123223,0.580352589751606,197.46034616434375
2,0.118,1.606204827014746,1.4190913551779722,0.2717949502672143,77.28773904279426
3,0.118,1.836713094484898,1.2775369710402171,0.0975800275516943,47.394266476070335
4,0.118,1.9514887360893358,1.006558867029041,0.09008873082107605,13.221098529751428
5,0.118,2.0238147089012046,0.9096156641656765,0.06398516720871028,9.002959918925983
6,0.118,2.1164411720464793,0.8658317662286404,0.028048428608553378,6.78550916828662
7,0.118,2.298826497524536,0.9125856325985341,0.016922435165653272,4.890914341972544
8,0.118,2.36157959790243,0.9110225718156885,0.020252042788660905,4.298159234801262
9,0.118,2.474304816288268,0.9441674557394093,0.0449873552222199,3.5174680566737653
10,0.118,2.656595306614418,1.041791578563431,0.10790634394107759,2.518928460453436
11,0.118,2.7814891181492296,1.1279934983340199,0.15373102379666342,2.170888938654139
12,0.118,2.7951001536958393,1.143136907508221,0.15312300763877826,2.0074839591920703
13,0.118,2.8020376710301287,1.1591896508151878,0.15606220839771318,1.9658469897634063
14,0.118,2.7971265212767835,1.159529835459251,0.15594617139092823,1.9646727767012278
15,0.118,2.7930849645659586,1.1586777603397975,0.15563726621142515,1.964477480375933
16,0.118,2.792268622651092,1.1583296789509883,0.15554098854161086,1.9644688449988097
17,0.118,2.7922281523946433,1.1582925650094709,0.15553096460633792,1.9644687477922924
18,0.118,2.7922324614567087,1.1582931889516892,0.1555315910153426,1.9644687474477092
1,0.118,1.3718631544895132,1.3718631544895132,0.5455005889572616,192.49953861393269
2,0.118,1.622294674363386,1.4300140299009547,0.23992239095040602,79.08952866621713
3,0.118,1.8242945391364416,1.2394901311814939,0.077163835739673,43.37733078417142
4,0.118,1.9543176585666222,0.8633398891713882,0.05663109655758786,10.317868531682794
5,0.118,1.998230684464001,0.8832924498497436,0.032681486409079766,8.19729394318103
6,0.118,2.0924776575829167,0.8302069208871159,-0.010029835099939925,6.7044549657361285
7,0.118,2.171875026343142,0.8470873207541527,-0.001909527035953962,5.787309886781964
8,0.118,2.5352815574396175,1.021313189950145,0.09733891680223866,2.588342486771556
9,0.118,2.728177593406081,1.1341196513454583,0.15433198536572718,2.2051968837734193
10,0.118,2.7358327896192076,1.1230440587806114,0.13902864436797321,2.047581358743115
11,0.118,2.7590530052896987,1.1337404349502598,0.14321256276566685,2.0402532343910296
12,0.118,2.766333168891432,1.1364199630574494,0.14436511270043284,2.0397855133373626
13,0.118,2.767381480593536,1.136469817088211,0.14442274778878303,2.039753162061929
14,0.118,2.7675019567315835,1.1363494726836172,0.14439702802841783,2.0397495232720626
15,0.118,2.767474001224898,1.136334472226805,0.14439181572487808,2.0397495120345925
16,0.118,2.7674702359810603,1.1363331269374592,0.1443913072515245,2.039749511953103
1,0.118,1.3994670101338256,1.3994670101338256,0.5117625431697688,192.23153142790756
2,0.118,1.6379572652854475,1.4397732375673484,0.20868385524587735,82.215666858368
3,0.118,1.8111938849423233,1.1972571752491319,0.05713165358251037,39.6369883571438
4,0.118,1.8663136665227127,0.9727708465046865,0.04941247079710932,14.154261016715699
5,0.118,1.9134922053547307,0.8687227249361505,0.031317924490389316,9.467814980912758
6,0.118,1.9749905144236968,0.8207280762840975,0.00766351130333537,8.144554690257541
7,0.118,2.0779052226693784,0.8312859012306578,-0.005546067586099972,6.814076058060457
8,0.118,2.170741903660887,0.8476646655848541,-0.004385614630482966,6.124823989219632
9,0.118,2.315265140204622,0.8983592541833114,0.01882938929182873,4.972535377427601
10,0.118,2.724184637880231,1.106896565367949,0.1288327875613817,2.200993334250871
11,0.118,2.7486249025629736,1.1213555898363752,0.1364495990911598,2.1820043668108506
12,0.118,2.749174537810536,1.1214967439964658,0.1367293045517633,2.1818609826479896
13,0.118,2.7486072964615538,1.1210585217301627,0.1367459615224765,2.18180240919717
14,0.118,2.748137334880351,1.1208654487662546,0.1366864254172853,2.181798360336663
15,0.118,2.747809023202309,1.1207775115910117,0.13665121599706878,2.1817972294302277
16,0.118,2.7477894370307294,1.1207910721464325,0.13665961287135944,2.181797149963922
17,0.118,2.7477361669327727,1.120781992529994,0.136650465240272,2.1817970896389434
18,0.118,2.747739030152854,1.120783885820699,0.13665065502853668,2.1817970890659333
1,0.118,2.790122413086831,1.1604378809456115,0.1554471969883762,1.944245708577465
2,0.118,2.7903141172960724,1.1605773535586965,0.15542820215799405,1.9441174623682203
3,0.118,2.7927559628355523,1.1620764845530032,0.1556284602034967,1.942924334262869
4,0.118,2.797678068770139,1.1648403524357922,0.1564736144604685,1.9409687684665597
5,0.118,2.809719010200717,1.1713352370915668,0.15913134763896958,1.9368558300026406
6,0.118,2.825558736608951,1.1800525387152627,0.16351506652534928,1.9321855064939606
7,0.118,2.8367790929945462,1.1896509446828127,0.16921576211183778,1.9287141464758235
8,0.118,2.8378874889916417,1.192299974271036,0.17123145645040183,1.9280505458020498
9,0.118,2.836171642794621,1.1917308985340762,0.17109534995281603,1.9279888914530066
10,0.118,2.8354109607187716,1.1914993723865028,0.1710012249663543,1.9279773768978796
11,0.118,2.835435558165926,1.1919396306775962,0.17119445687692608,1.9279684307534874
12,0.118,2.8354329783241243,1.1919360861995558,0.17119494635096863,1.9279684239696966
13,0.118,2.8354325247881493,1.1919360852598415,0.1711950340288851,1.9279684239599402
1,0.118,2.789895858912414,1.1599272806855958,0.1580409356259812,1.8387283599214237
2,0.118,2.7891213130977506,1.1638250930372112,0.1601048394762323,1.8302185527543824
3,0.118,2.7915966868344153,1.1823657886463346,0.1696955146287971,1.8109997887408402
1,0.118,2.7900926058441122,1.1596857098242799,0.1562385842515497,1.9649752918969787
2,0.118,2.790194400478549,1.1594769039380088,0.15617561153707074,1.9648828784361572
3,0.118,2.7910414229989895,1.1578858140223935,0.1554171939804784,1.96448191198506
4,0.118,2.7911420941377436,1.1578630700936998,0.15535055248655083,1.9644770656277313
5,0.118,2.7911632092740053,1.157864026626471,0.1553465105988837,1.9644768551458676
6,0.118,2.791272450799209,1.1578858089355737,0.15534316872726642,1.9644758899030936
7,0.118,2.7914841470419707,1.1579495151347259,0.15535843576049077,1.964474210517266
8,0.118,2.7918712155033885,1.1580937454369604,0.15541442997486055,1.9644714740384357
9,0.118,2.7922113828750654,1.1582528568855,0.15549873665780714,1.9644691515758093
10,0.118,2.7922647313278537,1.1583001030735447,0.15553158211009616,1.964468765902636
11,0.118,2.7922401705192312,1.1582957953091682,0.15553244183850815,1.9644687478943674
12,0.118,2.7922325917382853,1.1582931526886964,0.15553154397611338,1.9644687474451366
1,0.118,2.7900926058441122,1.1596857098242799,0.1562385842515497,1.9649752918969787
2,0.118,2.790194400478549,1.1594769039380088,0.15617561153707074,1.9648828784361572
3,0.118,2.7910414229989895,1.1578858140223935,0.1554171939804784,1.96448191198506
4,0.118,2.7911420941377436,1.1578630700936998,0.15535055248655083,1.9644770656277313
5,0.118,2.7911632092740053,1.157864026626471,0.1553465105988837,1.9644768551458676
6,0.118,2.791272450799209,1.1578858089355737,0.15534316872726642,1.9644758899030936
7,0.118,2.7914841470419707,1.1579495151347259,0.15535843576049077,1.964474210517266
8,0.118,2.7918712155033885,1.1580937454369604,0.15541442997486055,1.9644714740384357
9,0.118,2.7922113828750654,1.1582528568855,0.15549873665780714,1.9644691515758093
10,0.118,2.7922647313278537,1.1583001030735447,0.15553158211009616,1.964468765902636
11,0.118,2.7922401705192312,1.1582957953091682,0.15553244183850815,1.9644687478943674
12,0.118,2.7922325917382853,1.1582931526886964,0.15553154397611338,1.9644687474451366
1,0.118,2.818971958106398,1.155338769569567,0.11519012392114017,3.1359212918057624
2,0.118,2.8193818767812733,1.1448060889563123,0.11717108698438596,2.839385217969446
3,0.118,2.815307464130681,1.103158755663941,0.1290187213759807,2.337203134006758
4,0.118,2.8119296275897847,1.104771932449888,0.1282682834791008,2.3302862916366798
5,0.118,2.795583484036959,1.1063223252899597,0.12640313880486445,2.3101023604145126
6,0.118,2.7567502262212025,1.104703673470947,0.12352624588307175,2.275299066936157
7,0.118,2.7009184552910197,1.097263111157299,0.120825852088533,2.2373630342773825
8,0.118,2.672217176865403,1.0867771609258907,0.12098969409481648,2.2185055987632074
9,0.118,2.6719707684869984,1.0869526404246195,0.12112086279835178,2.218446483797805
10,0.118,2.6720431881263043,1.0869595736933115,0.12111049328944942,2.2184461509356423
11,0.118,2.672042759446583,1.0869594335002482,0.1211105060510575,2.2184461509319187
1,0.118,2.7908922132271536,1.1586559219183115,0.14452123702624117,1.645004520614179
2,0.118,2.790652041621693,1.1563399453353251,0.14969681896588513,1.6079346514721158
3,0.118,2.7906665597786278,1.1533082214064532,0.15024861516962132,1.598698681727343
4,0.118,2.790202428677823,1.1473525592829306,0.14944288174061973,1.5901626487234208
5,0.118,2.7885702790512203,1.146422218374097,0.14894181703536025,1.5888779122148624
6,0.118,2.77943545282662,1.1432544164388097,0.14723225607971022,1.5844846617655013
7,0.118,2.7660197933209933,1.1399702622560597,0.14577457248912537,1.579614479457252
8,0.118,2.741668348683279,1.135312854797779,0.14438074450134314,1.5726891045553626
9,0.118,2.730822521704738,1.1340415808505693,0.14520147379201134,1.5700842940629225
10,0.118,2.730521284549264,1.1351507114868413,0.14512084079737445,1.569689525147599
11,0.118,2.7310497726351213,1.1354522136840821,0.14517469712265876,1.5696792012843035
12,0.118,2.7311214553673056,1.135469961577905,0.14518329614843417,1.5696791514745019
13,0.118,2.731125884458305,1.1354704889149776,0.14518386239955253,1.5696791512412493
1,0.118,0.9928590399501143,2.770076721460819,1.0803068858432754,19.854831108620772
2,0.118,0.8844389702676372,2.7833377436853546,1.1915204041716183,2.967255206018131
3,0.118,0.8749195149324109,2.760476146302124,1.1049596241652422,1.9281792980733807
4,0.118,0.8734598756461729,2.76515729979429,1.1272044668858026,1.8436836635860907
5,0.118,0.8737285616850674,2.763145949743083,1.1254333666102487,1.8421332235004184
6,0.118,0.8742203531236765,2.7569564674152915,1.1226574685618067,1.8391424576180637
7,0.118,0.8752290999326919,2.7410816297172924,1.1181675387418653,1.8332986066253845
8,0.118,0.876403482873185,2.718615966051279,1.1145166154407702,1.8269672160155603
9,0.118,0.8767021422769692,2.70891005569518,1.1150516607297558,1.824758659409926
10,0.118,0.8765653010315312,2.7092909958488867,1.1156000702991877,1.82469043553907
11,0.118,0.87654306524073,2.709629899123621,1.115710670250543,1.8246891456245888
12,0.118,0.8765414382436484,2.7096616195637666,1.1157160707403875,1.8246891390762092
13,0.118,0.8765414800253415,2.709661634455142,1.1157160946603266,1.8246891390729896
1,0.118,0.9867164885610817,2.752939003085418,1.2774262411200374,19.023744987161837
2,0.118,0.9122664423560946,2.792993600989444,1.130844562192445,3.5920729626774777
3,0.118,0.885667977960832,2.8040089260990655,1.0845882894649335,2.6755753308792922
4,0.118,0.8887520205866275,2.80058154119688,1.0935744343592466,2.6460403565934563
5,0.118,0.889387734783518,2.7869411791560745,1.0906642854540358,2.620221188548946
6,0.118,0.894657537331595,2.649675399274334,1.070460522447759,2.4850938543705903
7,0.118,0.8946364237966673,2.632533429119007,1.0705713423689498,2.4810970119813014
8,0.118,0.8952372165827087,2.634500092767487,1.0712666110774058,2.4802685880944755
9,0.118,0.8952266020637252,2.6347220671127305,1.0713128140858752,2.4802680955849747
10,0.118,0.89522657218344,2.634725787485404,1.0713147792225513,2.4802680947252758
1,0.118,0.896930153670269,2.795391298164177,1.1219339055113353,2.689715629219112
2,0.118,0.8807706910607149,2.796403431486931,1.1074266667752273,2.3151066097948454
3,0.118,0.8806111159503296,2.796567161724981,1.102954464295111,2.307365422489934
4,0.118,0.8818971133172431,2.775961124404766,1.1019957369540456,2.2816893025720453
5,0.118,0.8862096367433151,2.6754323761618264,1.0897336397664799,2.220305526329845
6,0.118,0.8859622443655626,2.6723905712332487,1.0872546295870573,2.2184675819187682
7,0.118,0.8859356014690476,2.672049657673551,1.0869598423429656,2.21844615129907
8,0.118,0.885936046538044,2.6720423964454154,1.0869593791800518,2.218446150933296
1,0.118,0.8949233708766346,2.7742624497175674,1.097049798870269,3.282703609560682
2,0.118,0.8547874424724393,2.7803767502053947,1.1415043657984552,1.3688059433765896
3,0.118,0.8548268042040168,2.7804864452260594,1.144958974068797,1.365645529845212
4,0.118,0.855801202184817,2.7655244865808317,1.1447677124622102,1.3495246947740078
5,0.118,0.8593305591610193,2.7003958299065745,1.1350226342617202,1.3084656097536282
6,0.118,0.8604791288968147,2.6748069555360727,1.1269752574958998,1.299863765073958
7,0.118,0.8605020374198109,2.6728346206785454,1.1250256188114223,1.2992621368675425
8,0.118,0.86047120318691,2.6732574147670864,1.1250102464318992,1.2992587253052705
9,0.118,0.8604690515754927,2.6732866973079066,1.1250153861241734,1.2992587195106584
10,0.118,0.8604690198993545,2.6732871025290357,1.125015527096796,1.2992587195088405
1,0.118,0.8949233708766346,2.7742624497175674,1.097049798870269,3.282703609560682
2,0.118,0.8547874424724393,2.7803767502053947,1.1415043657984552,1.3688059433765896
3,0.118,0.8548268042040168,2.7804864452260594,1.144958974068797,1.365645529845212
4,0.118,0.855801202184817,2.7655244865808317,1.1447677124622102,1.3495246947740078
5,0.118,0.8593305591610193,2.7003958299065745,1.1350226342617202,1.3084656097536282
6,0.118,0.8604791288968147,2.6748069555360727,1.1269752574958998,1.299863765073958
7,0.118,0.8605020374198109,2.6728346206785454,1.1250256188114223,1.2992621368675425
8,0.118,0.86047120318691,2.6732574147670864,1.1250102464318992,1.2992587253052705
9,0.118,0.8604690515754927,2.6732866973079066,1.1250153861241734,1.2992587195106584
10,0.118,0.8604690198993545,2.6732871025290357,1.125015527096796,1.2992587195088405
1,0.118,0.8976283852164889,2.7826479941711155,1.1305919766844619,4.358989525368467
2,0.118,0.8531783643337809,2.7841662682837667,1.161156861918954,1.490493228314174
3,0.118,0.8439651192637196,2.7852897216828763,1.1721060771534093,1.4150620786071635
4,0.118,0.8446508412111617,2.7844921940828637,1.1702631881810457,1.4140280845332627
5,0.118,0.8449498278673708,2.7827504162917345,1.1694497282237688,1.412728506793916
6,0.118,0.8476275150539418,2.757498478792995,1.1612961703353735,1.3998762568495036
7,0.118,0.8486055168284464,2.7379613059847103,1.1576462992886107,1.3934250836899293
8,0.118,0.8481391229042564,2.728844229665199,1.157504623802684,1.3912082858992307
9,0.118,0.8480484409129438,2.729348581163345,1.1583489758563845,1.391100163351814
10,0.118,0.8479939403200059,2.729696072952665,1.1584279432810085,1.391097541515312
11,0.118,0.8479914057364076,2.729739954656186,1.1584366153355807,1.3910975259365517
12,0.118,0.8479914027531117,2.7297403155467497,1.1584367129199595,1.3910975259346683
1,0.118,0.8961826062574927,2.7912844969198756,1.112664317592909,3.491525895500788
2,0.118,0.8748060705107673,2.788383637054206,1.1238542631751913,2.269216544926406
3,0.118,0.8477707516799938,2.7837314807924933,1.1610678586267087,1.7694143707769499
4,0.118,0.8493658205994913,2.7831714817322952,1.16170830036465,1.763373192906425
5,0.118,0.8494243402961521,2.7826521434269607,1.162177204219732,1.7628009380318201
6,0.118,0.8495833170481601,2.7805539107065234,1.1626810586126193,1.7610941887520215
7,0.118,0.8500512536688557,2.7739482773138966,1.1626110502782907,1.7566682246316152
8,0.118,0.8510440067685661,2.7594790445453516,1.160448437745542,1.74834828600633
9,0.118,0.8525478725742182,2.737620680176926,1.154772180796481,1.7375470951439047
10,0.118,0.8541924699064927,2.724143418229901,1.1462135241316371,1.7307627925257412
11,0.118,0.8533691223697969,2.723810977891549,1.1473822382521777,1.730188701867885
12,0.118,0.8533156693138257,2.724225793343334,1.1474683113853057,1.730184790265411
13,0.118,0.8533110380227398,2.7242879288006683,1.1474760750980921,1.7301847296597046
14,0.118,0.8533110707960196,2.724288078866762,1.1474760356120384,1.7301847296575543
1,0.118,0.8937870976664951,2.770740002766135,1.0829600110645392,3.832665749454773
2,0.118,0.8502076854353388,2.7769493382989476,1.1327813382096117,1.5867913677182492
3,0.118,0.8498523396412255,2.775220202841564,1.132350642126228,1.5823083096031718
4,0.118,0.8478148814486961,2.745910608528962,1.1259606563824416,1.5276893214679885
5,0.118,0.8479327726382477,2.6955339665224107,1.115939286069692,1.4549469039882101
6,0.118,0.8521658031384204,2.6045176314970155,1.0987358564992462,1.3513070807041672
7,0.118,0.8596862605016072,2.55212019184715,1.088942075549618,1.2870421531357072
8,0.118,0.8615903991768494,2.5531006718047102,1.0893149876940968,1.2822152898241124
9,0.118,0.8616244774666414,2.554334425862146,1.0896136445218265,1.2821913283503037
10,0.118,0.8616213311982005,2.554377157165762,1.0896279462232086,1.2821913096853408
11,0.118,0.8616212215778034,2.5543781786783923,1.0896280690089324,1.2821913096741024
1,0.118,0.8934616411815398,2.769731087662773,1.0789243506510933,4.59709480342787
2,0.118,0.8530285181225439,2.7783263680089023,1.1425149785625408,1.9609148695721705
3,0.118,0.8376419645889599,2.778323310613136,1.161682312824609,1.7627161976748733
4,0.118,0.8391875192545639,2.7761889047181385,1.1582085995214741,1.7549458817022123
5,0.118,0.84106510288183,2.7686884226334305,1.1534929413403674,1.7367742528612793
6,0.118,0.8467146031808364,2.7310907899448944,1.1379846945111711,1.6662395430874752
7,0.118,0.8528077727744399,2.6651197829417814,1.1190837510273581,1.5690883889424896
8,0.118,0.8554850251053848,2.5919037820526665,1.1067116642911239,1.4843092870194359
9,0.118,0.8530797799984152,2.57947728883262,1.1104061279895334,1.462618170393977
10,0.118,0.8514185686300051,2.5851735651778807,1.1143544085286459,1.460354873180243
11,0.118,0.8513565219049067,2.585900551045547,1.1145740505137218,1.4603494643043147
12,0.118,0.8513556906356097,2.5859086021575184,1.1145737302546055,1.4603494618806288
13,0.118,0.851355825800326,2.5859292132673097,1.1145785527667798,1.460349455105594
14,0.118,0.8513558327256242,2.585929410415386,1.1145785894656361,1.4603494551046448
1,0.118,0.8932250566067925,2.7820833718692475,1.0759907019242263,4.031167338229141
2,0.118,0.8739928472357581,2.7808514022244486,1.1052597567372604,2.963856469027075
3,0.118,0.8388667218082171,2.774899797306349,1.1574197437205174,2.2768517585201202
4,0.118,0.8436671663703711,2.7723877384831423,1.1507182138373824,2.249092955101972
5,0.118,0.8455239038487513,2.7676917682334152,1.1476351805360212,2.231599192384214
6,0.118,0.8532858535504164,2.73267338075267,1.1321253106897347,2.1351028428126377
7,0.118,0.8611816753474293,2.670803671030048,1.1117059477481313,2.003406860114448
8,0.118,0.8661604593886805,2.584789333091481,1.0903612873090691,1.8637585535444152
9,0.118,0.8618086728411917,2.5571493326812145,1.09047497177661,1.8026888389774192
10,0.118,0.8584042672226293,2.5614108878406867,1.0958283925501597,1.7956837265931844
11,0.118,0.8583049626261079,2.562234901014951,1.0961704515924318,1.7956727005912212
12,0.118,0.8583054787942618,2.562230581942426,1.0961725108178793,1.7956726961703129
13,0.118,0.858304070512956,2.5622690746355796,1.096182363998726,1.7956726769285953
14,0.118,0.8583040743515268,2.5622691724493625,1.0961823752900388,1.7956726769283335
1,0.118,0.8937689097709564,2.7706836202899647,1.082734481159858,3.8067241599927506
2,0.118,0.8503237016369356,2.7768768445249323,1.1323350174087994,1.5758982289472794
3,0.118,0.8499735104092425,2.775183828426676,1.1319426764698692,1.5715652563061557
4,0.118,0.8479427948018907,2.746090106240647,1.1258292046136276,1.518174264715171
5,0.118,0.8480688314080885,2.696258165184784,1.1160761402684432,1.4474844152812867
6,0.118,0.8522771493313157,2.606868604618406,1.0992163770053336,1.3476456008122557
7,0.118,0.8598186681733442,2.5560344987705945,1.0894279008170706,1.2858832905247402
8,0.118,0.8615060254384219,2.557304843020393,1.0897771058725036,1.2820584864003604
9,0.118,0.8615326954177571,2.5582898085449264,1.090014386589695,1.282043398837413
10,0.118,0.8615303857075585,2.5583209353104777,1.0900248082785704,1.282043388927369
11,0.118,0.8615303111226262,2.5583216267773397,1.090024879403394,1.2820433889219143
1,0.118,0.8937840576798056,2.7707305788073975,1.0829223152295895,3.826627990531629
2,0.118,0.8502411311353467,2.7769344982031248,1.1326860206718166,1.5847802706936285
3,0.118,0.8498871261185694,2.7752129421258345,1.1322640571825533,1.580328178281398
4,0.118,0.8478498935087201,2.7458993688826188,1.125926371830847,1.5258698908094999
5,0.118,0.8479723387031569,2.695578166126036,1.1159535375329803,1.4534784102200249
6,0.118,0.8522071431712215,2.6048714746776294,1.0988182762550147,1.3506252897699405
7,0.118,0.8597455250612521,2.5528842805221847,1.089035435880585,1.2869075959081708
8,0.118,0.8615848546891933,2.55398133469337,1.0894116120944473,1.2823856712150892
9,0.118,0.8616162642187393,2.5551348882385936,1.0896913678343016,1.2823648301159107
10,0.118,0.861613400492231,2.5551735769357875,1.0897043422657,1.2823648147828421
11,0.118,0.8616133045027486,2.5551744636552556,1.0897044416023676,1.2823648147741917
1,0.118,0.8937840576798056,2.7707305788073975,1.0829223152295895,3.826627990531629
2,0.118,0.8502411311353467,2.7769344982031248,1.1326860206718166,1.5847802706936285
3,0.118,0.8498871261185694,2.7752129421258345,1.1322640571825533,1.580328178281398
4,0.118,0.8478498935087201,2.7458993688826188,1.125926371830847,1.5258698908094999
5,0.118,0.8479723387031569,2.695578166126036,1.1159535375329803,1.4534784102200249
6,0.118,0.8522071431712215,2.6048714746776294,1.0988182762550147,1.3506252897699405
7,0.118,0.8597455250612521,2.5528842805221847,1.089035435880585,1.2869075959081708
8,0.118,0.8615848546891933,2.55398133469337,1.0894116120944473,1.2823856712150892
9,0.118,0.8616162642187393,2.5551348882385936,1.0896913678343016,1.2823648301159107
10,0.118,0.861613400492231,2.5551735769357875,1.0897043422657,1.2823648147828421
11,0.118,0.8616133045027486,2.5551744636552556,1.0897044416023676,1.2823648147741917
1,0.118,0.8937909733735223,2.770752017457919,1.0830080698316766,3.8160121062931167
2,0.118,0.8503663976846341,2.7769303497252826,1.132600578048209,1.5866314727468283
3,0.118,0.850016097301119,2.7752163071846487,1.1321925088610685,1.5822038336352726
4,0.118,0.8479710359755278,2.7454871139531734,1.1258607533948024,1.5270862928118938
5,0.118,0.8481231046275608,2.6947281976544675,1.115869775626449,1.454354322164835
6,0.118,0.8524176687340144,2.604059029758583,1.0987617372680898,1.3521268431047773
7,0.118,0.8600895134808484,2.5531709831243066,1.0890550906418843,1.2891512028580658
8,0.118,0.8616966032053068,2.5547630379076587,1.089507298152235,1.2855934207624493
9,0.118,0.8617187265876711,2.555642721889907,1.0897275204178323,1.2855814523761284
10,0.118,0.861716772833624,2.5556683397262914,1.089736168599338,1.2855814455476386
11,0.118,0.8617167139059735,2.5556688896453146,1.0897362282650722,1.2855814455442263
1,0.118,0.8937840576798056,2.7707305788073975,1.0829223152295895,3.826627990531629
2,0.118,0.8502411311353467,2.7769344982031248,1.1326860206718166,1.5847802706936285
3,0.118,0.8498871261185694,2.7752129421258345,1.1322640571825533,1.580328178281398
4,0.118,0.8478498935087201,2.7458993688826188,1.125926371830847,1.5258698908094999
5,0.118,0.8479723387031569,2.695578166126036,1.1159535375329803,1.4534784102200249
6,0.118,0.8522071431712215,2.6048714746776294,1.0988182762550147,1.3506252897699405
7,0.118,0.8597455250612521,2.5528842805221847,1.089035435880585,1.2869075959081708
8,0.118,0.8615848546891933,2.55398133469337,1.0894116120944473,1.2823856712150892
9,0.118,0.8616162642187393,2.5551348882385936,1.0896913678343016,1.2823648301159107
10,0.118,0.861613400492231,2.5551735769357875,1.0897043422657,1.2823648147828421
11,0.118,0.8616133045027486,2.5551744636552556,1.0897044416023676,1.2823648147741917
1,0.118,0.8949128072606443,2.774229702507997,1.0969188100319889,3.2784733016585546
2,0.118,0.8548134991796044,2.780348009700099,1.141355224555857,1.3679965965214695
3,0.118,0.854859043292302,2.7804755750632584,1.1448597169597026,1.3647826437296955
4,0.118,0.8558248460085638,2.7657675079593904,1.1446127623763298,1.3489849777893694
5,0.118,0.8594035311673673,2.6998448768394527,1.1346865375832211,1.3079447567719071
6,0.118,0.8604779128970519,2.6754974220874894,1.1269190522095296,1.2999301949456739
7,0.118,0.8604891318716106,2.6736807646650718,1.1250719662462298,1.2993858614177043
8,0.118,0.8604606678740009,2.6740633600439145,1.1250631404972429,1.2993832442841624
9,0.118,0.8604588014296559,2.6740883752970928,1.1250675934673906,1.2993832400444885
10,0.118,0.8604587716520163,2.674088786184876,1.125067724233652,1.2993832400433531
1,0.118,0.8949128072606443,2.774229702507997,1.0969188100319889,3.2784733016585546
2,0.118,0.8548134991796044,2.780348009700099,1.141355224555857,1.3679965965214695
3,0.118,0.854859043292302,2.7804755750632584,1.1448597169597026,1.3647826437296955
4,0.118,0.8558248460085638,2.7657675079593904,1.1446127623763298,1.3489849777893694
5,0.118,0.8594035311673673,2.6998448768394527,1.1346865375832211,1.3079447567719071
6,0.118,0.8604779128970519,2.6754974220874894,1.1269190522095296,1.2999301949456739
7,0.118,0.8604891318716106,2.6736807646650718,1.1250719662462298,1.2993858614177043
8,0.118,0.8604606678740009,2.6740633600439145,1.1250631404972429,1.2993832442841624
9,0.118,0.8604588014296559,2.6740883752970928,1.1250675934673906,1.2993832400444885
10,0.118,0.8604587716520163,2.674088786184876,1.125067724233652,1.2993832400433531
1,0.118,0.8937840576798056,2.7707305788073975,1.0829223152295895,3.826627990531629
2,0.118,0.8502411311353467,2.7769344982031248,1.1326860206718166,1.5847802706936285
3,0.118,0.8498871261185694,2.7752129421258345,1.1322640571825533,1.580328178281398
4,0.118,0.8478498935087201,2.7458993688826188,1.125926371830847,1.5258698908094999
5,0.118,0.8479723387031569,2.695578166126036,1.1159535375329803,1.4534784102200249
6,0.118,0.8522071431712215,2.6048714746776294,1.0988182762550147,1.3506252897699405
7,0.118,0.8597455250612521,2.5528842805221847,1.089035435880585,1.2869075959081708
8,0.118,0.8615848546891933,2.55398133469337,1.0894116120944473,1.2823856712150892
9,0.118,0.8616162642187393,2.5551348882385936,1.0896913678343016,1.2823648301159107
10,0.118,0.861613400492231,2.5551735769357875,1.0897043422657,1.2823648147828421
11,0.118,0.8616133045027486,2.5551744636552556,1.0897044416023676,1.2823648147741917
1,0.118,0.895818777715332,2.793712038233615,1.1081528436701167,3.0353139783630376
2,0.118,0.8756102995988009,2.7932163638523293,1.0933367442660524,2.419442934372959
3,0.118,0.8754702828269294,2.792589025977802,1.0921134958866152,2.417422649659432
4,0.118,0.8753994550611752,2.787602020212198,1.0895586445046954,2.407130052228101
5,0.118,0.875891427021189,2.756835624255313,1.0801660532722281,2.3596061667269437
6,0.118,0.877778914413308,2.699343339297127,1.0689902768660897,2.2889421216255315
7,0.118,0.8817303979967963,2.613538688138248,1.0592250556106686,2.207700571038365
8,0.118,0.8839590389274409,2.5853100222564613,1.0614101393988242,2.1805308344295615
9,0.118,0.8841166004444478,2.5903337432104925,1.0647491083865999,2.1774053543144922
10,0.118,0.8840173353945592,2.5925355682272095,1.0652913321227049,2.1773483091696737
11,0.118,0.88401006682658,2.5926291256502054,1.0652996334149214,2.177348231617634
12,0.118,0.8840098379631469,2.59263133536165,1.0652995061377217,2.1773482315245998
1,0.118,0.895818777715332,2.793712038233615,1.1081528436701167,3.0353139783630376
2,0.118,0.8756102995988009,2.7932163638523293,1.0933367442660524,2.419442934372959
3,0.118,0.8754702828269294,2.792589025977802,1.0921134958866152,2.417422649659432
4,0.118,0.8753994550611752,2.787602020212198,1.0895586445046954,2.407130052228101
5,0.118,0.875891427021189,2.756835624255313,1.0801660532722281,2.3596061667269437
6,0.118,0.877778914413308,2.699343339297127,1.0689902768660897,2.2889421216255315
7,0.118,0.8817303979967963,2.613538688138248,1.0592250556106686,2.207700571038365
8,0.118,0.8839590389274409,2.5853100222564613,1.0614101393988242,2.1805308344295615
9,0.118,0.8841166004444478,2.5903337432104925,1.0647491083865999,2.1774053543144922
10,0.118,0.8840173353945592,2.5925355682272095,1.0652913321227049,2.1773483091696737
11,0.118,0.88401006682658,2.5926291256502054,1.0652996334149214,2.177348231617634
12,0.118,0.8840098379631469,2.59263133536165,1.0652995061377217,2.1773482315245998
1,0.118,0.895848632904357,2.7926107865629426,1.1085230480140265,3.303551611194774
2,0.118,0.8723916598496723,2.791908610270703,1.0872942363776574,2.5185004017695243
3,0.118,0.8722505686259183,2.7911547427712535,1.0861467642191411,2.5161771129603396
4,0.118,0.8720995202189185,2.7843685740747377,1.0826561218172743,2.5016971681201934
5,0.118,0.8724653107216044,2.753869556981263,1.073333105719586,2.451864238592311
6,0.118,0.8743899341571935,2.6905061160233554,1.0608043204013111,2.3672668413520586
7,0.118,0.8787702242029672,2.592375325250174,1.0489944175810901,2.2648468638095465
8,0.118,0.8818262576465793,2.553712074388659,1.0513276363265172,2.222888624960471
9,0.118,0.8820864454590558,2.559944833052757,1.0553710685740079,2.2184246501682328
10,0.118,0.881966248551095,2.562654701788207,1.0560591625711389,2.218334606600047
11,0.118,0.8819588821678211,2.56273535792539,1.0560648593280981,2.2183345403178283
12,0.118,0.881958671361211,2.562737090067865,1.0560647091137152,2.218334540248103
1,0.118,0.895818777715332,2.793712038233615,1.1081528436701167,3.0353139783630376
2,0.118,0.8756102995988009,2.7932163638523293,1.0933367442660524,2.419442934372959
3,0.118,0.8754702828269294,2.792589025977802,1.0921134958866152,2.417422649659432
4,0.118,0.8753994550611752,2.787602020212198,1.0895586445046954,2.407130052228101
5,0.118,0.875891427021189,2.756835624255313,1.0801660532722281,2.3596061667269437
6,0.118,0.877778914413308,2.699343339297127,1.0689902768660897,2.2889421216255315
7,0.118,0.8817303979967963,2.613538688138248,1.0592250556106686,2.207700571038365
8,0.118,0.8839590389274409,2.5853100222564613,1.0614101393988242,2.1805308344295615
9,0.118,0.8841166004444478,2.5903337432104925,1.0647491083865999,2.1774053543144922
10,0.118,0.8840173353945592,2.5925355682272095,1.0652913321227049,2.1773483091696737
11,0.118,0.88401006682658,2.5926291256502054,1.0652996334149214,2.177348231617634
12,0.118,0.8840098379631469,2.59263133536165,1.0652995061377217,2.1773482315245998
1,0.118,0.895818777715332,2.793712038233615,1.1081528436701167,3.0353139783630376
2,0.118,0.8756102995988009,2.7932163638523293,1.0933367442660524,2.419442934372959
3,0.118,0.8754702828269294,2.792589025977802,1.0921134958866152,2.417422649659432
4,0.118,0.8753994550611752,2.787602020212198,1.0895586445046954,2.407130052228101
5,0.118,0.875891427021189,2.756835624255313,1.0801660532722281,2.3596061667269437
6,0.118,0.877778914413308,2.699343339297127,1.0689902768660897,2.2889421216255315
7,0.118,0.8817303979967963,2.613538688138248,1.0592250556106686,2.207700571038365
8,0.118,0.8839590389274409,2.5853100222564613,1.0614101393988242,2.1805308344295615
9,0.118,0.8841166004444478,2.5903337432104925,1.0647491083865999,2.1774053543144922
10,0.118,0.8840173353945592,2.5925355682272095,1.0652913321227049,2.1773483091696737
11,0.118,0.88401006682658,2.5926291256502054,1.0652996334149214,2.177348231617634
12,0.118,0.8840098379631469,2.59263133536165,1.0652995061377217,2.1773482315245998
1,0.118,0.8747030872829482,2.79949249073037,1.1398433349780839,2.7819207877103853
2,0.118,0.8797266733951973,2.805912157237237,1.1274348090416062,2.5821867275433696
3,0.118,0.8785670381397546,2.806742921896782,1.1238700052665924,2.562560849632281
4,0.118,0.8772209678705247,2.806321706947291,1.1212378792619082,2.5561544065035346
5,0.118,0.8768765879433085,2.803549071571226,1.1199733225280017,2.554003643092252
6,0.118,0.8768097068401849,2.7957812758196985,1.1180619361401276,2.5486781527823674
7,0.118,0.877579106959627,2.7697906396651355,1.1134328222089274,2.5357549668305186
8,0.118,0.8789085014329217,2.753371733926707,1.111775787615468,2.5297392715661937
9,0.118,0.8794847245307265,2.750339548805822,1.1122681424391303,2.5287556940275455
10,0.118,0.8795332785456177,2.7512070472123993,1.1125763548144365,2.528719297010139
11,0.118,0.8795283338423031,2.7514109856474493,1.1126181879819952,2.5287188205852513
12,0.118,0.879527671349536,2.751419514362408,1.1126191848773068,2.5287188196801327
1,0.118,0.8692010131336592,2.7951509633688545,1.1465600746772706,3.406551085481895
2,0.118,0.8853433477072609,2.811919148791279,1.1174791351969338,2.6426025479868556
3,0.118,0.8849076173423528,2.812617269096973,1.1146760812630976,2.6379520300549837
4,0.118,0.8848735638660523,2.810141657138623,1.1134842334959663,2.6361844624783313
5,0.118,0.8852387631723602,2.798748708838514,1.110170019476869,2.6304433718150086
6,0.118,0.8862166662740674,2.7813392388029214,1.106631269897041,2.624729823984926
7,0.118,0.8871543201269402,2.773550133623674,1.1061236293479686,2.6229136644583857
8,0.118,0.8869924091685777,2.773327563564551,1.106480474196917,2.622813300266878
9,0.118,0.8869791654613829,2.773495227780941,1.1065482601744072,2.6228124457570074
10,0.118,0.8869787113987598,2.7735175278487088,1.1065544410425319,2.6228124379228523
11,0.118,0.886978732718252,2.773517855877426,1.1065544639966431,2.622812437918456
1,0.118,0.8747030872829482,2.79949249073037,1.1398433349780839,2.7819207877103853
2,0.118,0.8797266733951973,2.805912157237237,1.1274348090416062,2.5821867275433696
3,0.118,0.8785670381397546,2.806742921896782,1.1238700052665924,2.562560849632281
4,0.118,0.8772209678705247,2.806321706947291,1.1212378792619082,2.5561544065035346
5,0.118,0.8768765879433085,2.803549071571226,1.1199733225280017,2.554003643092252
6,0.118,0.8768097068401849,2.7957812758196985,1.1180619361401276,2.5486781527823674
7,0.118,0.877579106959627,2.7697906396651355,1.1134328222089274,2.5357549668305186
8,0.118,0.8789085014329217,2.753371733926707,1.111775787615468,2.5297392715661937
9,0.118,0.8794847245307265,2.750339548805822,1.1122681424391303,2.5287556940275455
10,0.118,0.8795332785456177,2.7512070472123993,1.1125763548144365,2.528719297010139
11,0.118,0.8795283338423031,2.7514109856474493,1.1126181879819952,2.5287188205852513
12,0.118,0.879527671349536,2.751419514362408,1.1126191848773068,2.5287188196801327
1,0.118,0.8673892705539519,2.7937213697704406,1.1487717866570881,4.896163468310463
2,0.118,0.8881156819297297,2.812857389416968,1.1157915899311805,2.7108936852604955
3,0.118,0.8856404076030536,2.812071277192463,1.1146878477790088,2.6716254630511123
4,0.118,0.8818377525168245,2.811800841723407,1.1088983383324755,2.6305700175069737
5,0.118,0.8809619616226417,2.8114275660506056,1.1051513376478357,2.62135394834569
6,0.118,0.8809267315002416,2.8080626118855787,1.1033995495200848,2.613485549305257
7,0.118,0.8815222757097323,2.779220951542555,1.0947809440180225,2.5691161932642825
8,0.118,0.8830417661676898,2.734087202305645,1.0865805743662589,2.5181593327242062
9,0.118,0.8855387056417123,2.6702097265941687,1.080058294522982,2.465945953106289
10,0.118,0.8874153667377342,2.653802506543541,1.0819642428015597,2.4537024040987627
11,0.118,0.8871846807688388,2.6569108413783127,1.0838586803810677,2.451973241409422
12,0.118,0.88713677042246,2.6589363092980194,1.0843151118426944,2.451929691850808
1,0.118,0.8843089475224413,2.807072196842844,1.1281168367403638,3.480700728078246
2,0.118,0.8811197751273734,2.8118205501870555,1.112411128978426,3.2223364309805587
3,0.118,0.879847091603904,2.8114012092704654,1.1061607794891513,3.1935398789167615
4,0.118,0.8797402661601821,2.809017687078833,1.104722114508832,3.184722603378564
5,0.118,0.8800285539397263,2.776851185466802,1.0923859198339227,3.101550929249731
6,0.118,0.8820673161927888,2.7242063184865155,1.0782878463164252,2.999007077851447
7,0.118,0.8869284304044758,2.644099535058494,1.0628317542760708,2.881322019030893
8,0.118,0.8899914134912703,2.618967292477688,1.0624806264971403,2.841963626771358
9,0.118,0.8904069839725754,2.6232295384695474,1.065461359959223,2.838153333588761
10,0.118,0.8903189067239752,2.6245163019318505,1.0659457188155388,2.838115301772154
11,0.118,0.8903075209965097,2.6245815794862946,1.0659707467850408,2.8381151307346175
12,0.118,0.8903071193979539,2.624580753082851,1.0659707470558761,2.8381151304714436
1,0.118,0.8795977450649998,2.8033547234283382,1.1338681079370438,3.2257102026388833
2,0.118,0.876760490651874,2.8053860349475523,1.1253593098534298,3.0502912617714317
3,0.118,0.8722027551011879,2.8058570754631327,1.1122937670967865,2.9426057171785254
4,0.118,0.8720985628849759,2.794708168730938,1.109368611480714,2.9102276942035905
5,0.118,0.8755865477097172,2.6672810543922933,1.0856494841954596,2.698398569664752
6,0.118,0.8785688133459525,2.6348109802453177,1.0828985588839257,2.6715623833109587
7,0.118,0.8795903055587677,2.6331733553401593,1.0841574376939418,2.668776041082077
8,0.118,0.8795852155234856,2.6338564202816506,1.0844311321241018,2.668757553233802
9,0.118,0.8795815313307248,2.6339110777848496,1.0844467189279647,2.6687574946165618
10,0.118,0.8795814550231987,2.633911571929763,1.084446772158797,2.6687574946088426
1,0.118,0.888008233560408,2.8099911963176116,1.123600877719152,3.2183233354134675
2,0.118,0.8854254316200628,2.8111299453737217,1.1170811597433747,3.0731605484082247
3,0.118,0.8761549548545361,2.8099877923146828,1.095095726381008,2.8461805364296033
4,0.118,0.8771902261504589,2.7301514561810896,1.0805432314138004,2.6224623732103978
5,0.118,0.885519527028603,2.5485694272744284,1.0590222857530744,2.414619583204336
6,0.118,0.8858144692704694,2.5696297387709173,1.0621991399151953,2.4092929404007086
7,0.118,0.8859198258930624,2.567280953379527,1.062094509381884,2.4092165632100078
8,0.118,0.885926894091444,2.5672310171966917,1.0621134016725091,2.409216261342216
9,0.118,0.8859271089814303,2.567234622451411,1.0621148300225485,2.409216260833236
1,0.118,0.8770207611047508,2.801321300019268,1.1370139998316866,2.9274535736334637
2,0.118,0.8854167242299036,2.8119051851084316,1.117416306899913,2.6426146863993627
3,0.118,0.8846823568634423,2.8125636804935157,1.1142407191357604,2.6379904337722837
4,0.118,0.8848910414285651,2.8121179411754267,1.114440029798871,2.6375434923474392
5,0.118,0.8852228704782069,2.8106360912210673,1.1145303745889537,2.636668560852216
6,0.118,0.8857430669041928,2.8067287937403624,1.1142196376053488,2.6348357639047983
7,0.118,0.8865603640391739,2.7973807943060613,1.1128116042503269,2.6311155928858416
8,0.118,0.887314755408548,2.7833087616221386,1.109932279988134,2.626367082806043
9,0.118,0.8870525539313177,2.773464500672463,1.106365538358406,2.622830829475426
10,0.118,0.8869839881151226,2.773479019157055,1.106544755106697,2.6228142046470264
11,0.118,0.8869791192420804,2.7735137915702364,1.106554029755852,2.6228141711071937
12,0.118,0.8869786720709112,2.773518773982995,1.1065547393715767,2.622814170735028
1,0.118,0.8669156407385685,2.793347642200269,1.1493499773716054,3.3815602490088037
2,0.118,0.8798877710866726,2.806195896874044,1.1269595908928784,2.5813185344457446
3,0.118,0.8786469146739866,2.8065456413240515,1.1246365246003762,2.5647082344580046
4,0.118,0.8771996375512099,2.806660481164459,1.1212935635212786,2.5564941834356683
5,0.118,0.8771066394442868,2.803681591078336,1.1204218979339677,2.5537043017434864
6,0.118,0.877638249857631,2.7735811163674393,1.1143816044018582,2.5358557018523133
7,0.118,0.878758314652751,2.755603068281875,1.1122208272407859,2.5298977414117596
8,0.118,0.8794555132139684,2.750666688471735,1.1122989432026484,2.528758702855313
9,0.118,0.8795304908121749,2.7512284067614976,1.1125748002830784,2.5287199049145164
10,0.118,0.8795282365664048,2.7514112510562674,1.11261800133505,2.5287194331487046
11,0.118,0.8795276667477432,2.7514199294308024,1.112619240760519,2.52871943233338
1,0.118,0.8630240383201665,2.790276891439519,1.154100709504234,5.83726951592091
2,0.118,0.8883245004002612,2.813188917181092,1.11519560073898,2.71325178702724
3,0.118,0.8855381139441688,2.8120867712278677,1.1146400569879713,2.670565749912344
4,0.118,0.8823783966914724,2.811722914321431,1.1102854904416273,2.635922557656861
5,0.118,0.8809499123997878,2.8115241200325434,1.1055670237763888,2.622227631473299
6,0.118,0.8809587659137214,2.808186165807409,1.1037088581251842,2.6137708572574416
7,0.118,0.8817130649154167,2.7830731394008597,1.095859155199661,2.573987087419485
8,0.118,0.883193545536614,2.7430602807448117,1.0882344825717545,2.527388904674298
9,0.118,0.8855885372325426,2.6772921351432526,1.0804574469190813,2.4711295411474934
10,0.118,0.8873035609620984,2.654390531659446,1.081678717025448,2.4541821014875653
11,0.118,0.8872056428176897,2.6567919613489748,1.0837873053008265,2.4519916675127544
12,0.118,0.8871398340352428,2.6589014812643135,1.0843125344746465,2.4519284323713073
13,0.118,0.8871349700003376,2.659008448439785,1.0843238307863134,2.4519283349929832
14,0.118,0.8871348281484153,2.6590086193735147,1.084323710099655,2.4519283349647703
1,0.118,0.8511637429662732,2.780054090131815,1.170502555518255,2.0658366411925404
2,0.118,0.8518074389387509,2.7802604113813136,1.1706647265291286,2.0647749544714875
3,0.118,0.8519330424813607,2.7804761885652733,1.1705824559629692,2.0645693599113204
4,0.118,0.8533413846525911,2.7837933564031476,1.1690958343881175,2.062380301583592
5,0.118,0.8543809812204075,2.787236567946895,1.167440387985146,2.0608340941278156
6,0.118,0.8541475547661803,2.7914396118873968,1.1674510098690654,2.059480311612629
7,0.118,0.853730905908215,2.7930990138585967,1.1680143711828594,2.059243398073234
8,0.118,0.8533013782509732,2.794194669539938,1.168790510503992,2.0590826205911212
9,0.118,0.8519744386058559,2.7973733804257637,1.1715132547294895,2.058642447950029
10,0.118,0.8506058610650681,2.8006898675528102,1.1747063625549734,2.0582204519908722
11,0.118,0.8498653501274025,2.8027238929687655,1.1769005080699613,2.05796055986066
12,0.118,0.8498543255324235,2.802557308055693,1.1771016028838157,2.0579358186598213
13,0.118,0.8499030367281192,2.802362484798612,1.1770053368578415,2.0579350468639297
14,0.118,0.849913104401551,2.8023292870842815,1.1769813176837618,2.0579350339544185
15,0.118,0.8499132092630927,2.802329361217518,1.176981144374076,2.057935033951176
1,0.118,0.8504280701094983,2.7799659760516073,1.1706104218624105,1.9246645075927964
2,0.118,0.8495987820238535,2.7799386267713047,1.1721507250658305,1.9228078189124649
3,0.118,0.8454672360562392,2.780376219992941,1.18108541308855,1.9179599408604595
4,0.118,0.8447867013013268,2.783545850644985,1.182932495934965,1.9162203281144043
5,0.118,0.8399979537020416,2.8104016082732795,1.1962593091840228,1.9090878232341215
6,0.118,0.8399109127926364,2.8113845363414,1.1968507881395642,1.9090723278174617
7,0.118,0.839862224940218,2.8114452123798603,1.1968432752974245,1.90906699463724
8,0.118,0.8398637776496004,2.811456031906148,1.1968396346279413,1.9090669881913669
9,0.118,0.8398636184318515,2.811457321280545,1.1968401293676747,1.9090669881751097
1,0.118,0.8496491041537444,2.7792963200888012,1.175174247521946,1.806422296446332
2,0.118,0.8484480891591347,2.7792600659359885,1.1755297538183171,1.801738796115622
3,0.118,0.8466880588228609,2.778999229615222,1.1781634775191294,1.7994950150176865
4,0.118,0.8459888951349221,2.7790070695488343,1.1798838959919393,1.7990866122596363
5,0.118,0.8451230405240207,2.7822438761343755,1.1819716356787382,1.7974524910926737
6,0.118,0.8410604789685704,2.805273482998191,1.1936493367504535,1.791300740940036
7,0.118,0.8412569275541991,2.8068762500353346,1.1939729356501907,1.7911178880899135
8,0.118,0.8411101601879759,2.8093379520877964,1.1941501537192014,1.790945232453687
9,0.118,0.8411413958011965,2.809458336099198,1.1940400319231201,1.7909427091750314
10,0.118,0.8411451095158092,2.809445657607013,1.1940299407289083,1.7909427058683747
11,0.118,0.8411453282372416,2.8094446307104657,1.1940293703529268,1.7909427058558265
1,0.118,0.8521151095521745,2.7801847532262056,1.1701586415712575,2.0815624473014234
2,0.118,0.8528348260314113,2.7804609094135513,1.169560305878225,2.0793359682431984
3,0.118,0.8544150957853797,2.7814501145013857,1.1670447375460502,2.0742008905927465
4,0.118,0.8560288035958623,2.7829475173473646,1.1628062099964416,2.0686789509816426
5,0.118,0.8563018831886487,2.7832623005517996,1.1596255369978004,2.0663060498088424
6,0.118,0.8564219141415286,2.78292117499867,1.1594754018081277,2.0662401560043766
7,0.118,0.8569547606411414,2.780673893282657,1.1584437153689755,2.065946276089544
8,0.118,0.8575336606818289,2.7771267652835885,1.1569540512566414,2.0656217638689096
9,0.118,0.857878168400794,2.7735852221431023,1.155628161295568,2.065388792986714
10,0.118,0.8578386734860054,2.7727818102978183,1.1553862238231867,2.0653441741968264
11,0.118,0.8577716752749589,2.7729401915021987,1.155476936779236,2.0653411725566517
12,0.118,0.8577591091142995,2.7730052502111286,1.155506220217001,2.0653411163689643
13,0.118,0.8577585131933504,2.773010149285614,1.1555083072064487,2.0653411161108437
1,0.118,0.8556059112656369,2.781209075607903,1.1693472034667651,2.2256951429975937
2,0.118,0.8568747831176997,2.782004670088691,1.1672956237415821,2.2115490499503387
3,0.118,0.8621901254760727,2.786753429272021,1.1529053825969644,2.1565191073912424
4,0.118,0.8625737289865969,2.78671357946664,1.147234010274562,2.1485654829094765
5,0.118,0.8628410669068952,2.7850750218230425,1.1456956410485446,2.147729255583872
6,0.118,0.8635712600593936,2.7796183405692614,1.1427799842147726,2.1454327950141354
7,0.118,0.8655261404368992,2.7638829880716926,1.1365469500662149,2.140686666673304
8,0.118,0.8668044906917379,2.753327610793468,1.1340054636804342,2.138332272147795
9,0.118,0.866918169117124,2.7514901160109084,1.1344195457140598,2.1379997872465983
10,0.118,0.8668246795271121,2.7519568602030264,1.134793546475591,2.1379885437424506
11,0.118,0.8668049668441524,2.752070297935505,1.1348505211174031,2.1379883756400675
12,0.118,0.8668045737069784,2.7520694692808516,1.1348507409231006,2.137988375424396
1,0.118,0.8608044665671098,2.783942124317499,1.1652765720033653,2.450355949756837
2,0.118,0.8626577951423702,2.7857454515193805,1.1606630878752748,2.4089477259925363
3,0.118,0.8666619800430496,2.7918868294772823,1.1398676397276746,2.317072941892228
4,0.118,0.8669181249609008,2.790489151867075,1.1387563486837133,2.3155305108473234
5,0.118,0.8696849350866404,2.7701147155334143,1.1285100297915553,2.3021898516477757
6,0.118,0.8718644245859091,2.749970099050884,1.1220786391579967,2.294180659817865
7,0.118,0.8727780166763691,2.736308619972826,1.1209040261342031,2.2905266890396674
8,0.118,0.8726371038682774,2.7365117509718044,1.1213455202746385,2.2904965915384037
9,0.118,0.8726031419706156,2.736691331911175,1.1214503539213105,2.2904959002562024
10,0.118,0.8726024490812931,2.736697797730551,1.1214520949895321,2.290495899853202
1,0.118,0.8889692753151919,2.808989746775449,1.1224276715551154,3.1544977989678125
2,0.118,0.8771369838481732,2.8041888946481133,1.1257651171144298,2.864943401290163
3,0.118,0.8759621692319325,2.804317893671437,1.1233130386457704,2.85391004434734
4,0.118,0.8761272688216329,2.8045071625320386,1.1207856254766677,2.8507550491456275
5,0.118,0.8765183730570356,2.802866600760526,1.118884588462821,2.8469577712030563
6,0.118,0.8783826330857863,2.7859655711283984,1.1095679846939377,2.8234548568700935
7,0.118,0.8823370131914156,2.752705172631388,1.0965494139079468,2.7900525946405947
8,0.118,0.8843346207656216,2.7007393818611036,1.0863297077850735,2.765510478212897
9,0.118,0.8876856253248941,2.692477598415961,1.084677569600875,2.749704872716499
10,0.118,0.8872223088034624,2.6952131982291183,1.0873124860530337,2.7483164459779603
11,0.118,0.8869579526558993,2.6960836435841227,1.0882890821878384,2.748206849893907
12,0.118,0.8869542130004906,2.696099143385341,1.0882946742482273,2.7482068405190185
13,0.118,0.8869542021777904,2.696098526066989,1.0882945213051394,2.7482068405097584
1,0.118,0.8867179057483313,2.8089730360112513,1.1251760647859168,2.9693494506364515
2,0.118,0.8781113515342519,2.8064224558081605,1.124550653062398,2.782765214501232
3,0.118,0.8769737868803713,2.806953647010167,1.1210924603315002,2.7694058625616425
4,0.118,0.8772635115769369,2.807177111987207,1.1184569536005344,2.766144175681149
5,0.118,0.8776918892268633,2.804271735081667,1.1162198760634872,2.760157060685801
6,0.118,0.8812108672140372,2.772826576738924,1.1014613987476305,2.718880550438421
7,0.118,0.8853920508320049,2.7304717781814785,1.0883327970867576,2.681487113863711
8,0.118,0.8878332724465732,2.6899139875873654,1.0838660274206107,2.6574435808146144
9,0.118,0.888557630840365,2.690259948789652,1.0840819093259457,2.656421531097068
10,0.118,0.8882727694961645,2.691705410158052,1.085104645769591,2.6562780427122634
11,0.118,0.8881913397589586,2.692207043792517,1.0853880147550332,2.656271722416268
12,0.118,0.8881918246784859,2.692203021252757,1.0853869995355956,2.6562717222391767
1,0.118,0.8947736309894072,2.815329575491095,1.115341917141893,3.2547677705515135
2,0.118,0.8796645560195019,2.807904569505824,1.1218409079461518,2.8206078697169845
3,0.118,0.8781856958942765,2.8079022062882046,1.1194295220661499,2.8070839304521877
4,0.118,0.8781592768812547,2.80813368419678,1.116505087713292,2.802816282773643
5,0.118,0.8784983573079312,2.8066706934048478,1.1146449966764853,2.7991323806331883
6,0.118,0.8798251674201244,2.7907567742252946,1.1062253932811572,2.7763162708076603
7,0.118,0.8835603706246729,2.7556113207047095,1.0929097836425337,2.7393755242461095
8,0.118,0.8865796042421241,2.7009035361754257,1.081298409670109,2.7040302259957505
9,0.118,0.8910952589397276,2.6803888824260405,1.0776229093212082,2.691490762703596
10,0.118,0.8894948084837693,2.686496985542442,1.0813880052243936,2.6884115317418456
11,0.118,0.8890600907391882,2.688570565138433,1.0830254298148918,2.6881233785936502
12,0.118,0.8890783944258106,2.6885147996867143,1.083047467293983,2.6881222563953173
13,0.118,0.8890800514472675,2.6885130401328308,1.083047722548175,2.6881222518566075
14,0.118,0.8890800708208395,2.68851273908819,1.0830476502689883,2.6881222518559595
1,0.118,0.8770207611047508,2.801321300019268,1.1370139998316866,2.9274535736334637
2,0.118,0.8854167242299036,2.8119051851084316,1.117416306899913,2.6426146863993627
3,0.118,0.8846823568634423,2.8125636804935157,1.1142407191357604,2.6379904337722837
4,0.118,0.8848910414285651,2.8121179411754267,1.114440029798871,2.6375434923474392
5,0.118,0.8852228704782069,2.8106360912210673,1.1145303745889537,2.636668560852216
6,0.118,0.8857430669041928,2.8067287937403624,1.1142196376053488,2.6348357639047983
7,0.118,0.8865603640391739,2.7973807943060613,1.1128116042503269,2.6311155928858416
8,0.118,0.887314755408548,2.7833087616221386,1.109932279988134,2.626367082806043
9,0.118,0.8870525539313177,2.773464500672463,1.106365538358406,2.622830829475426
10,0.118,0.8869839881151226,2.773479019157055,1.106544755106697,2.6228142046470264
11,0.118,0.8869791192420804,2.7735137915702364,1.106554029755852,2.6228141711071937
12,0.118,0.8869786720709112,2.773518773982995,1.1065547393715767,2.622814170735028
1,0.118,0.8669156407385685,2.793347642200269,1.1493499773716054,3.3815602490088037
2,0.118,0.8798877710866726,2.806195896874044,1.1269595908928784,2.5813185344457446
3,0.118,0.8786469146739866,2.8065456413240515,1.1246365246003762,2.5647082344580046
4,0.118,0.8771996375512099,2.806660481164459,1.1212935635212786,2.5564941834356683
5,0.118,0.8771066394442868,2.803681591078336,1.1204218979339677,2.5537043017434864
6,0.118,0.877638249857631,2.7735811163674393,1.1143816044018582,2.5358557018523133
7,0.118,0.878758314652751,2.755603068281875,1.1122208272407859,2.5298977414117596
8,0.118,0.8794555132139684,2.750666688471735,1.1122989432026484,2.528758702855313
9,0.118,0.8795304908121749,2.7512284067614976,1.1125748002830784,2.5287199049145164
10,0.118,0.8795282365664048,2.7514112510562674,1.11261800133505,2.5287194331487046
11,0.118,0.8795276667477432,2.7514199294308024,1.112619240760519,2.52871943233338
1,0.118,0.8630240383201665,2.790276891439519,1.154100709504234,5.83726951592091
2,0.118,0.8883245004002612,2.813188917181092,1.11519560073898,2.71325178702724
3,0.118,0.8855381139441688,2.8120867712278677,1.1146400569879713,2.670565749912344
4,0.118,0.8823783966914724,2.811722914321431,1.1102854904416273,2.635922557656861
5,0.118,0.8809499123997878,2.8115241200325434,1.1055670237763888,2.622227631473299
6,0.118,0.8809587659137214,2.808186165807409,1.1037088581251842,2.6137708572574416
7,0.118,0.8817130649154167,2.7830731394008597,1.095859155199661,2.573987087419485
8,0.118,0.883193545536614,2.7430602807448117,1.0882344825717545,2.527388904674298
9,0.118,0.8855885372325426,2.6772921351432526,1.0804574469190813,2.4711295411474934
10,0.118,0.8873035609620984,2.654390531659446,1.081678717025448,2.4541821014875653
11,0.118,0.8872056428176897,2.6567919613489748,1.0837873053008265,2.4519916675127544
12,0.118,0.8871398340352428,2.6589014812643135,1.0843125344746465,2.4519284323713073
13,0.118,0.8871349700003376,2.659008448439785,1.0843238307863134,2.4519283349929832
14,0.118,0.8871348281484153,2.6590086193735147,1.084323710099655,2.4519283349647703
1,0.118,0.879702982959887,2.8034377636033208,1.1337396371954165,2.685640453726987
2,0.118,0.8848976842512972,2.8123443675413027,1.116343841027126,2.499357329557483
3,0.118,0.8834196729496693,2.8135469963153943,1.1118163219140054,2.492750549587793
4,0.118,0.8841016482494879,2.813295354305335,1.1125352932546624,2.4915318012515986
5,0.118,0.8842883261040752,2.812594918220298,1.1124503321643349,2.4912970016533844
6,0.118,0.8847656719658381,2.8090922576782336,1.1118471574010669,2.490373376084588
7,0.118,0.8854543550076136,2.800744985068455,1.110273782155341,2.4887172686782013
8,0.118,0.8857934487252536,2.7918209487775254,1.1084849712508194,2.4873791929461073
9,0.118,0.8856579342708141,2.788294977351466,1.107646537761368,2.4869305458688653
10,0.118,0.8855109037950226,2.7885884917245742,1.1076577198191249,2.486890299751519
11,0.118,0.885480349768321,2.7888682903004933,1.1077105624721066,2.4868891670891973
12,0.118,0.8854788075511283,2.7888985306501324,1.1077171713533174,2.4868891591105364
13,0.118,0.8854788176381473,2.788898682097128,1.107717116684556,2.486889159107727
1,0.118,0.8679158906301857,2.7941369104207583,1.148128907285336,3.003377391200906
2,0.118,0.87920056379915,2.80615740776714,1.126799158837427,2.429297329331846
3,0.118,0.8779166732389935,2.8069986034889873,1.123501906971387,2.4092917231009543
4,0.118,0.876395980136948,2.807329144346894,1.1201326166903547,2.401655363964712
5,0.118,0.8763296143908833,2.799842491675322,1.1181952355249618,2.398092757549755
6,0.118,0.8771834775882031,2.777907629878516,1.114559397707121,2.3914383886030532
7,0.118,0.87814314166751,2.7665841422882953,1.1135976998726551,2.389687445869189
8,0.118,0.8782703276200936,2.7662254855844313,1.11378252732061,2.3896406104142813
9,0.118,0.8782745304387984,2.766395781966744,1.1138351164931608,2.3896398801010923
10,0.118,0.8782738861987435,2.7664115398072457,1.1138379142274177,2.3896398781267996
1,0.118,0.8636347228723664,2.7907587649331678,1.153355207160182,4.5732743847677275
2,0.118,0.8867067159261942,2.8121679246211846,1.1166518535682752,2.4056386658139206
3,0.118,0.88416509829434,2.8116258412302777,1.1150303181641494,2.368932209685821
4,0.118,0.8801426087313873,2.811862405102763,1.108053789404887,2.331852168980178
5,0.118,0.8798074737637424,2.811439088138833,1.105478778465235,2.3275893406321884
6,0.118,0.8798217025274975,2.808878466546836,1.1040010439308385,2.3234225319045887
7,0.118,0.8803352265285963,2.7906254588650925,1.0980781612563408,2.303174121803372
8,0.118,0.8816011376047412,2.7567081329040244,1.0912511480614497,2.274191070332449
9,0.118,0.8840472395268208,2.69871071903469,1.0840116749973037,2.235924974466839
10,0.118,0.8858763398277675,2.669989629044228,1.0854971849205273,2.2180514673168603
11,0.118,0.8859537043517323,2.6718807440094423,1.0868276512053519,2.217544949250081
12,0.118,0.8859128435211218,2.672769684634752,1.0870369106319209,2.2175362475010982
13,0.118,0.8859110344820985,2.6728080706121653,1.0870407626967138,2.2175362378748575
14,0.118,0.8859109504437813,2.6728080666908336,1.0870406963863473,2.217536237865816
1,0.118,0.8636347228723664,2.7907587649331678,1.153355207160182,4.5732743847677275
2,0.118,0.8867067159261942,2.8121679246211846,1.1166518535682752,2.4056386658139206
3,0.118,0.88416509829434,2.8116258412302777,1.1150303181641494,2.368932209685821
4,0.118,0.8801426087313873,2.811862405102763,1.108053789404887,2.331852168980178
5,0.118,0.8798074737637424,2.811439088138833,1.105478778465235,2.3275893406321884
6,0.118,0.8798217025274975,2.808878466546836,1.1040010439308385,2.3234225319045887
7,0.118,0.8803352265285963,2.7906254588650925,1.0980781612563408,2.303174121803372
8,0.118,0.8816011376047412,2.7567081329040244,1.0912511480614497,2.274191070332449
9,0.118,0.8840472395268208,2.69871071903469,1.0840116749973037,2.235924974466839
10,0.118,0.8858763398277675,2.669989629044228,1.0854971849205273,2.2180514673168603
11,0.118,0.8859537043517323,2.6718807440094423,1.0868276512053519,2.217544949250081
12,0.118,0.8859128435211218,2.672769684634752,1.0870369106319209,2.2175362475010982
13,0.118,0.8859110344820985,2.6728080706121653,1.0870407626967138,2.2175362378748575
14,0.118,0.8859109504437813,2.6728080666908336,1.0870406963863473,2.217536237865816
1,0.118,0.8492010599518032,2.78038937929932,1.1695899319821885,1.7150882728497772
2,0.118,0.8489926068519912,2.78053532567085,1.1698051863364343,1.7147396832985564
3,0.118,0.8471199327216995,2.782051019768112,1.1728253359587049,1.7119002970110335
4,0.118,0.8452891224769146,2.783903553355856,1.176896557055576,1.709342799256606
5,0.118,0.8433974326836293,2.7879931737244013,1.1822873126504427,1.705853062293178
6,0.118,0.8410896141059211,2.797831564881656,1.1896229248079448,1.7004117153343523
7,0.118,0.8385654842253065,2.815169114712113,1.1984737041756703,1.693854100007085
8,0.118,0.8371923360580126,2.8303647599493966,1.2033412096783629,1.6896705239163883
9,0.118,0.836475133602034,2.8406067499842718,1.2047475084208485,1.6874289110334455
10,0.118,0.8367454467742494,2.8411531642314185,1.2035097681981128,1.6871521831314686
11,0.118,0.8368970593610395,2.840366719982283,1.2029638287195552,1.6871397961899468
12,0.118,0.8369167491251677,2.840181857433723,1.2028926378563922,1.687139510129726
13,0.118,0.8369149615005653,2.8401753574864457,1.202895531532226,1.68713950843909
14,0.118,0.836917241788903,2.8401667375552857,1.202890832225366,1.6871395083476959
1,0.118,0.8522100702483733,2.7804948294817122,1.1695809607970418,1.988767491205638
2,0.118,0.8546472180502502,2.7831954363758493,1.163992811590677,1.9731185557431983
3,0.118,0.8567377928422902,2.7870205949517874,1.1560531399363958,1.9637787569593288
4,0.118,0.8567558743052854,2.7871590424599777,1.1560445322621022,1.9637688951569456
5,0.118,0.8567607583159865,2.7884331390295642,1.1562505474945792,1.9637031209169464
6,0.118,0.8566183977864852,2.7899770738964604,1.156740342086322,1.9636393780869925
7,0.118,0.8562367898578472,2.7923077074183453,1.1577466312847247,1.9635611815603111
8,0.118,0.8559862485064819,2.7930897304951507,1.1582821754298187,1.9635374588575711
9,0.118,0.8559427671769281,2.7930077201995247,1.1583450882780122,1.963535507781222
10,0.118,0.855946366445563,2.7929402408379547,1.1583282990443629,1.9635354550131303
11,0.118,0.8559475695749545,2.7929320594747766,1.1583249035746872,1.9635354544965171
1,0.118,0.8487915082853849,2.778152543106403,1.1629355086045492,1.8880399909973642
2,0.118,0.8411722914411636,2.77925737889184,1.1790287953717384,1.8196854273799985
3,0.118,0.8325049083321511,2.7810089527467605,1.1979233878953308,1.7953409614842237
4,0.118,0.8334483563767818,2.7810758850689825,1.1963728743832116,1.7949304035399547
5,0.118,0.8333992225789417,2.78112609050856,1.1964996330593702,1.7949265158666596
6,0.118,0.8332485418363907,2.781763381466096,1.1969151035796162,1.7948895412203023
7,0.118,0.8327870883635965,2.7848029747729623,1.1982480900530905,1.7947944841547334
8,0.118,0.8327949755415164,2.785221239612176,1.1982559268720203,1.7947902826218947
9,0.118,0.8327986789202211,2.785225618582812,1.1982491750618847,1.7947902736780759
10,0.118,0.8327989530353144,2.7852245896411985,1.198248488104751,1.7947902736594996
1,0.118,0.8484117427566903,2.776728992658796,1.162014480886244,1.79775686463596
2,0.118,0.8465438979612482,2.7775272368730595,1.1662328983091743,1.7706246581601097
3,0.118,0.831783008256675,2.784232189111877,1.1995882489281233,1.6787456716465434
4,0.118,0.8334807278078594,2.7836767294671265,1.1965266673836124,1.6773656301828705
5,0.118,0.8333294994267998,2.7837419295617996,1.1968549757806484,1.677352609980751
6,0.118,0.8333278885134979,2.7837378108116333,1.1968611561312898,1.6773525799414213
7,0.118,0.8333277316520026,2.7837137611367773,1.19686400163609,1.6773525015924382
8,0.118,0.8333324905405525,2.7836515482872044,1.1968515622970952,1.677352367159673
9,0.118,0.8333437905021307,2.783562116161104,1.196816561815409,1.6773522289235052
10,0.118,0.8333562435266,2.7835119031714095,1.196774107195101,1.6773521701121508
11,0.118,0.8333548526797914,2.7835123790250638,1.1967786083418646,1.677352168032249
12,0.118,0.8333549280530128,2.7835117000405556,1.1967784529983483,1.6773521680259669
1,0.118,0.8557173709383272,2.7806619493495304,1.1632370837874637,1.4304944400413335
2,0.118,0.8561430421305234,2.7810134472473655,1.1540488034523515,1.3831658381321705
3,0.118,0.8546587043025783,2.7785251075799886,1.1451100928428335,1.362499536705856
4,0.118,0.8549138152997375,2.7770044248188346,1.1442312284736516,1.3607005842612556
5,0.118,0.8574773818419793,2.7522606362238213,1.1353647277670076,1.340241057626831
6,0.118,0.8597829482214673,2.717091365217536,1.1272325086849726,1.3193386274021561
7,0.118,0.8607319038343025,2.676448614291644,1.122071346909054,1.3017871665518566
8,0.118,0.8607791158864857,2.6716535498691845,1.1239106351231616,1.2995311396619653
9,0.118,0.8604976011716107,2.673639510870531,1.1249544399102998,1.2993839066882973
10,0.118,0.8604598610282883,2.6740736546780925,1.125066640034523,1.299382383603639
11,0.118,0.8604587988196504,2.6740877642390517,1.1250675711537472,1.2993823814696226
12,0.118,0.8604588097183106,2.674088069666443,1.125067564055255,1.2993823814679264
1,0.118,0.8492010599518032,2.78038937929932,1.1695899319821885,1.7150882728497772
2,0.118,0.8489926068519912,2.78053532567085,1.1698051863364343,1.7147396832985564
3,0.118,0.8471199327216995,2.782051019768112,1.1728253359587049,1.7119002970110335
4,0.118,0.8452891224769146,2.783903553355856,1.176896557055576,1.709342799256606
5,0.118,0.8433974326836293,2.7879931737244013,1.1822873126504427,1.705853062293178
6,0.118,0.8410896141059211,2.797831564881656,1.1896229248079448,1.7004117153343523
7,0.118,0.8385654842253065,2.815169114712113,1.1984737041756703,1.693854100007085
8,0.118,0.8371923360580126,2.8303647599493966,1.2033412096783629,1.6896705239163883
9,0.118,0.836475133602034,2.8406067499842718,1.2047475084208485,1.6874289110334455
10,0.118,0.8367454467742494,2.8411531642314185,1.2035097681981128,1.6871521831314686
11,0.118,0.8368970593610395,2.840366719982283,1.2029638287195552,1.6871397961899468
12,0.118,0.8369167491251677,2.840181857433723,1.2028926378563922,1.687139510129726
13,0.118,0.8369149615005653,2.8401753574864457,1.202895531532226,1.68713950843909
14,0.118,0.836917241788903,2.8401667375552857,1.202890832225366,1.6871395083476959
1,0.118,0.8522100702483733,2.7804948294817122,1.1695809607970418,1.988767491205638
2,0.118,0.8546472180502502,2.7831954363758493,1.163992811590677,1.9731185557431983
3,0.118,0.8567377928422902,2.7870205949517874,1.1560531399363958,1.9637787569593288
4,0.118,0.8567558743052854,2.7871590424599777,1.1560445322621022,1.9637688951569456
5,0.118,0.8567607583159865,2.7884331390295642,1.1562505474945792,1.9637031209169464
6,0.118,0.8566183977864852,2.7899770738964604,1.156740342086322,1.9636393780869925
7,0.118,0.8562367898578472,2.7923077074183453,1.1577466312847247,1.9635611815603111
8,0.118,0.8559862485064819,2.7930897304951507,1.1582821754298187,1.9635374588575711
9,0.118,0.8559427671769281,2.7930077201995247,1.1583450882780122,1.963535507781222
10,0.118,0.855946366445563,2.7929402408379547,1.1583282990443629,1.9635354550131303
11,0.118,0.8559475695749545,2.7929320594747766,1.1583249035746872,1.9635354544965171
1,0.118,0.8580539235325029,2.782071586942159,1.1677665138954145,2.134060512485773
2,0.118,0.8571200510798964,2.7826142419239073,1.165570127935741,2.11225761012418
3,0.118,0.857681429960339,2.785801730074992,1.155787111142622,2.0669031864172567
4,0.118,0.8605102460709351,2.7888670581319746,1.1472903049844865,2.046483710118209
5,0.118,0.8630211083717763,2.789322426260318,1.1438832582648708,2.041814781753969
6,0.118,0.8630516770164974,2.7892644511338855,1.1436073961988011,2.0417598898683873
7,0.118,0.8631475055413408,2.7888103795762964,1.143030410090996,2.0416249255776613
8,0.118,0.8633738273146627,2.787347832980131,1.1419850678137975,2.041329431632044
9,0.118,0.8639039750883615,2.7833647420084278,1.139992072867298,2.0406853938694005
10,0.118,0.8647634255530323,2.7762128802739823,1.1373493837625652,2.039732913923449
11,0.118,0.8655147006746848,2.7691193726899646,1.1357659031335994,2.038922916722606
12,0.118,0.8656287524794068,2.76757283573923,1.1359746828656234,2.03876408044016
13,0.118,0.865559444212351,2.7680033227473975,1.1362974429700587,2.0387549091760353
14,0.118,0.8655390603864008,2.7681574770073767,1.1363635235441776,2.0387546951853155
15,0.118,0.8655379059284652,2.768167275200547,1.1363661241811123,2.038754694379335
1,0.118,0.8626851104166536,2.7849907271270027,1.1628255809961103,2.338906179184877
2,0.118,0.8634779969211726,2.786868068066725,1.157491692304378,2.2881558984006283
3,0.118,0.8671755155578198,2.793916100086277,1.1348920972998382,2.1943294657724746
4,0.118,0.8674895063231274,2.793103237136329,1.1346714477589517,2.193722491090118
5,0.118,0.868625843329958,2.788477990389974,1.133209681712505,2.191643319465128
6,0.118,0.8698651008206683,2.78084649040688,1.1308179594527046,2.189017456982486
7,0.118,0.8718920019246075,2.7638455734257334,1.1255013294451515,2.1843154337757746
8,0.118,0.8728489036557638,2.7499507836280617,1.1211634977739071,2.1811625955619136
9,0.118,0.8726052843624151,2.746984871511568,1.120286568772812,2.1804386924252213
10,0.118,0.8723231593624023,2.7480468796213504,1.1206768411577686,2.1803856664574766
11,0.118,0.8722734298467318,2.748392323639559,1.1207950361577934,2.180384597672893
12,0.118,0.8722717293926395,2.7484134511807747,1.1208021363100102,2.1803845936801456
13,0.118,0.8722718036033842,2.748414037267407,1.1208019085840544,2.1803845936625703
1,0.118,0.8770869259043729,2.7996959478428276,1.1369332281582682,2.758877319747155
2,0.118,0.8764978159581394,2.8037914665499124,1.125624112054826,2.661070960813263
3,0.118,0.8765894127993966,2.8062424986222467,1.1166262347893043,2.6391249634631606
4,0.118,0.8799237590611033,2.785642460959769,1.107979905896697,2.6150564353774
5,0.118,0.8864149813334479,2.723115752995635,1.0899015547785744,2.574878815478753
6,0.118,0.8870329308505454,2.703120896700607,1.0869472755901168,2.5695635051809917
7,0.118,0.8866529470335485,2.7038427478201945,1.0877645534837517,2.5694167231300833
8,0.118,0.8865619276503224,2.7042969065039455,1.0879753833606707,2.569412886273689
9,0.118,0.8865616299880658,2.704303187739173,1.0879764895075297,2.569412885879765
1,0.118,0.8976338064530343,2.8173100091700984,1.1118503149638914,3.1644323551130955
2,0.118,0.8790947952176812,2.8081333117913805,1.1208317745914305,2.5815259647983795
3,0.118,0.877323818671304,2.8081942026118214,1.1184528894026748,2.5665082708216733
4,0.118,0.8773357614586736,2.8087053381609373,1.1155978932328163,2.5628827271815338
5,0.118,0.8777418616479759,2.807894516600746,1.1139069402486534,2.560774680364515
6,0.118,0.8786350429067238,2.7984288248223095,1.108454198890334,2.5499852855207465
7,0.118,0.8819119037797959,2.7698421817694303,1.096922171921339,2.526108451229606
8,0.118,0.8858346651627138,2.7247448929252647,1.0851873803906342,2.4989642256925952
9,0.118,0.888157030445325,2.716412999085446,1.0832189479955034,2.494641797231344
10,0.118,0.8886310848777788,2.697449369885083,1.0818579508842017,2.486997278484574
11,0.118,0.8880722093323229,2.69817279932077,1.0841250376559473,2.4859527825571344
12,0.118,0.8878797237143313,2.699709379749124,1.0848929144685797,2.485909893007513
13,0.118,0.8878739266262089,2.6998268179811067,1.084922682256589,2.4859097561406758
14,0.118,0.8878738495486787,2.6998312699786546,1.0849230855920349,2.4859097558564818
1,0.118,0.9092280989341078,2.826735177519591,1.0976964081864495,3.8957758519554377
2,0.118,0.8807246624517631,2.809913270050524,1.1178608935179055,2.616566552740781
3,0.118,0.8782598438757548,2.8092673791344036,1.1166154922951261,2.5995620013213316
4,0.118,0.8780694603449214,2.809542277237355,1.1143200298473253,2.596205411262327
5,0.118,0.8783972131744544,2.809013521183626,1.1122839442027688,2.594114910478821
6,0.118,0.8787425718090424,2.8034209461367547,1.1091298756373211,2.5873808842084807
7,0.118,0.881259503958733,2.775138899181929,1.0977354635355556,2.5628437307864367
8,0.118,0.884984114027578,2.734693010317177,1.0863088762684543,2.536763252469556
9,0.118,0.8895417536385188,2.697400293005748,1.0807101872382625,2.518485212878029
10,0.118,0.8887675127334322,2.6950969480754656,1.082250297086606,2.516737818108886
11,0.118,0.888479852285953,2.6967699825664417,1.0832519569667338,2.5166483913534883
12,0.118,0.8884674407194432,2.6969812641563466,1.0833373829547304,2.516647658376674
13,0.118,0.8884674758520607,2.696988037917203,1.0833386320408924,2.516647657580377
1,0.118,0.8817243874465774,2.805032795340359,1.1312719772919924,2.7768176356585714
2,0.118,0.8801808767067861,2.808724458500202,1.1207977955022708,2.6746556122416596
3,0.118,0.8792563370120388,2.8113251005839945,1.1106602698926689,2.644125821715786
4,0.118,0.8821276912368325,2.7872108988018622,1.1025255671154786,2.615794592346294
5,0.118,0.8889081665201638,2.7054231933255464,1.0827766288416503,2.5679203068732455
6,0.118,0.8888180687890785,2.694869371654398,1.082366383642704,2.5658144310830457
7,0.118,0.8886923039342527,2.695891080455549,1.082715836979342,2.5658034921922814
8,0.118,0.8886834701745024,2.6959570787848137,1.082738087356029,2.5658034483474017
9,0.118,0.8886834832343042,2.695957061935828,1.082738089611114,2.5658034483469776
1,0.118,0.8973814344681607,2.8173873176896302,1.112158401856901,3.0577274211327428
2,0.118,0.8819557795119036,2.810474304230054,1.1174206038958976,2.6218498550270883
3,0.118,0.8800172774439704,2.810999354252603,1.113694627738551,2.5992817650026945
4,0.118,0.8798755258432134,2.8118952355021434,1.1092617979603963,2.5922512647257507
5,0.118,0.880269729943799,2.8105018103779176,1.1077452859433143,2.5894986350891194
6,0.118,0.8820357503385329,2.79619046858566,1.1003666772143548,2.5734150614306714
7,0.118,0.8851893723986479,2.7619851323348095,1.0892756371176977,2.5460385187717653
8,0.118,0.8891184776749852,2.7077107648852246,1.0777385833310213,2.515871590525928
9,0.118,0.8924153260548267,2.686408694186016,1.0775610961383437,2.513682402781713
10,0.118,0.890471431642062,2.687676535523574,1.0778066692380306,2.507328665506881
11,0.118,0.8898720200254228,2.6900786508331085,1.0792776348347717,2.5068468910251585
12,0.118,0.8897671519740724,2.6906019604415703,1.0798002965475797,2.5068100933423194
13,0.118,0.8897738558005653,2.6905982861274924,1.079818371302707,2.5068098891987147
14,0.118,0.8897741161677127,2.690603554055022,1.079819515166176,2.5068098884255523
1,0.118,0.8988462043682373,2.8185431251954833,1.110370261989813,3.004459253773256
2,0.118,0.8823086753304739,2.8106476285165267,1.1172025233770242,2.5266055948924793
3,0.118,0.8803303357788063,2.8111385874233727,1.1135577281341478,2.504052851737885
4,0.118,0.8800353744795039,2.812088923827194,1.1088320648612429,2.4963230595434553
5,0.118,0.8803952989072344,2.810793672994812,1.1074214588424136,2.4938907262005925
6,0.118,0.8820049073782715,2.797780598541816,1.1007403996302938,2.480012744196451
7,0.118,0.8848269855821602,2.7660015671506746,1.0904875252383643,2.455817115838562
8,0.118,0.888595938078183,2.712986806526122,1.0791708748673043,2.4272348306505243
9,0.118,0.8914155446818848,2.6891717222527096,1.0789826039265427,2.4211435347003665
10,0.118,0.8899578725071566,2.689611227521679,1.0792516202753473,2.4174843316302144
11,0.118,0.8894470577277097,2.692190500191067,1.0805083840351928,2.4172175189413343
12,0.118,0.8893980671481088,2.692557342212563,1.0807791565183393,2.41720894086136
13,0.118,0.889400640780494,2.6925630684199118,1.0807887422863252,2.4172089027170203
14,0.118,0.8894007853107677,2.692564102676345,1.080788916535089,2.4172089026445502
1,0.118,0.8904817527663021,2.8119429786855408,1.1205812919781863,2.91386857650711
2,0.118,0.8825951609294649,2.81061522016475,1.117620698668823,2.7503196636139076
3,0.118,0.8801887581663987,2.812086676171041,1.111052512982123,2.7186878823389593
4,0.118,0.880438718119839,2.812733343708963,1.10741472102105,2.7140368389058738
5,0.118,0.8808226485838196,2.8099261407893183,1.1058337960204625,2.7100985866971268
6,0.118,0.884364095203762,2.772076165826425,1.0924966248924208,2.677050047030247
7,0.118,0.8876309905753142,2.7269541030893305,1.0822713057385527,2.652018161523636
8,0.118,0.8897539899571375,2.691601421318141,1.080397254742611,2.6388402149883876
9,0.118,0.88907645766568,2.6930768764616575,1.0808856277126948,2.638634489348068
10,0.118,0.8891757808578175,2.6938807116417016,1.0811709614563605,2.638586683221437
11,0.118,0.889168261140341,2.6939957551189697,1.0812221708912626,2.638586419283363
12,0.118,0.8891671464976524,2.694004017495093,1.0812258530171073,2.6385864179466276
1,0.118,0.8907647692157433,2.8121662987691436,1.1202357953945514,3.130012773735927
2,0.118,0.8836624006625451,2.8115910172608047,1.1159007021715044,2.9782274745817077
3,0.118,0.8809893517687541,2.813445678354533,1.107920435875251,2.940869438108069
4,0.118,0.8813378346226398,2.8138052719133806,1.1047497272417237,2.936968997945184
5,0.118,0.8817219302784041,2.8107691541771245,1.102999785558806,2.932601111260001
6,0.118,0.8850684872075566,2.7740339381497185,1.0899281463402597,2.8988662889956665
7,0.118,0.8885520505560699,2.7263336632085986,1.0789328833173646,2.8699883951881873
8,0.118,0.8907819926212786,2.683975114407314,1.0752253243784866,2.8522009996595292
9,0.118,0.8907179329336651,2.6846238804597506,1.0767594132173772,2.8516712488317837
10,0.118,0.8905294308441926,2.685710632916406,1.0772071885858125,2.851643255489361
11,0.118,0.8905261325897089,2.685826137310998,1.0772275121756059,2.8516431532376845
12,0.118,0.8905261126545011,2.68582573579476,1.0772273169699738,2.8516431532302184
1,0.118,0.8492010599518032,2.78038937929932,1.1695899319821885,1.7150882728497772
2,0.118,0.8489926068519912,2.78053532567085,1.1698051863364343,1.7147396832985564
3,0.118,0.8471199327216995,2.782051019768112,1.1728253359587049,1.7119002970110335
4,0.118,0.8452891224769146,2.783903553355856,1.176896557055576,1.709342799256606
5,0.118,0.8433974326836293,2.7879931737244013,1.1822873126504427,1.705853062293178
6,0.118,0.8410896141059211,2.797831564881656,1.1896229248079448,1.7004117153343523
7,0.118,0.8385654842253065,2.815169114712113,1.1984737041756703,1.693854100007085
8,0.118,0.8371923360580126,2.8303647599493966,1.2033412096783629,1.6896705239163883
9,0.118,0.836475133602034,2.8406067499842718,1.2047475084208485,1.6874289110334455
10,0.118,0.8367454467742494,2.8411531642314185,1.2035097681981128,1.6871521831314686
11,0.118,0.8368970593610395,2.840366719982283,1.2029638287195552,1.6871397961899468
12,0.118,0.8369167491251677,2.840181857433723,1.2028926378563922,1.687139510129726
13,0.118,0.8369149615005653,2.8401753574864457,1.202895531532226,1.68713950843909
14,0.118,0.836917241788903,2.8401667375552857,1.202890832225366,1.6871395083476959
1,0.118,0.8522100702483733,2.7804948294817122,1.1695809607970418,1.988767491205638
2,0.118,0.8546472180502502,2.7831954363758493,1.163992811590677,1.9731185557431983
3,0.118,0.8567377928422902,2.7870205949517874,1.1560531399363958,1.9637787569593288
4,0.118,0.8567558743052854,2.7871590424599777,1.1560445322621022,1.9637688951569456
5,0.118,0.8567607583159865,2.7884331390295642,1.1562505474945792,1.9637031209169464
6,0.118,0.8566183977864852,2.7899770738964604,1.156740342086322,1.9636393780869925
7,0.118,0.8562367898578472,2.7923077074183453,1.1577466312847247,1.9635611815603111
8,0.118,0.8559862485064819,2.7930897304951507,1.1582821754298187,1.9635374588575711
9,0.118,0.8559427671769281,2.7930077201995247,1.1583450882780122,1.963535507781222
10,0.118,0.855946366445563,2.7929402408379547,1.1583282990443629,1.9635354550131303
11,0.118,0.8559475695749545,2.7929320594747766,1.1583249035746872,1.9635354544965171
1,0.118,0.8580539235325029,2.782071586942159,1.1677665138954145,2.134060512485773
2,0.118,0.8571200510798964,2.7826142419239073,1.165570127935741,2.11225761012418
3,0.118,0.857681429960339,2.785801730074992,1.155787111142622,2.0669031864172567
4,0.118,0.8605102460709351,2.7888670581319746,1.1472903049844865,2.046483710118209
5,0.118,0.8630211083717763,2.789322426260318,1.1438832582648708,2.041814781753969
6,0.118,0.8630516770164974,2.7892644511338855,1.1436073961988011,2.0417598898683873
7,0.118,0.8631475055413408,2.7888103795762964,1.143030410090996,2.0416249255776613
8,0.118,0.8633738273146627,2.787347832980131,1.1419850678137975,2.041329431632044
9,0.118,0.8639039750883615,2.7833647420084278,1.139992072867298,2.0406853938694005
10,0.118,0.8647634255530323,2.7762128802739823,1.1373493837625652,2.039732913923449
11,0.118,0.8655147006746848,2.7691193726899646,1.1357659031335994,2.038922916722606
12,0.118,0.8656287524794068,2.76757283573923,1.1359746828656234,2.03876408044016
13,0.118,0.865559444212351,2.7680033227473975,1.1362974429700587,2.0387549091760353
14,0.118,0.8655390603864008,2.7681574770073767,1.1363635235441776,2.0387546951853155
15,0.118,0.8655379059284652,2.768167275200547,1.1363661241811123,2.038754694379335
1,0.118,0.8626851104166536,2.7849907271270027,1.1628255809961103,2.338906179184877
2,0.118,0.8634779969211726,2.786868068066725,1.157491692304378,2.2881558984006283
3,0.118,0.8671755155578198,2.793916100086277,1.1348920972998382,2.1943294657724746
4,0.118,0.8674895063231274,2.793103237136329,1.1346714477589517,2.193722491090118
5,0.118,0.868625843329958,2.788477990389974,1.133209681712505,2.191643319465128
6,0.118,0.8698651008206683,2.78084649040688,1.1308179594527046,2.189017456982486
7,0.118,0.8718920019246075,2.7638455734257334,1.1255013294451515,2.1843154337757746
8,0.118,0.8728489036557638,2.7499507836280617,1.1211634977739071,2.1811625955619136
9,0.118,0.8726052843624151,2.746984871511568,1.120286568772812,2.1804386924252213
10,0.118,0.8723231593624023,2.7480468796213504,1.1206768411577686,2.1803856664574766
11,0.118,0.8722734298467318,2.748392323639559,1.1207950361577934,2.180384597672893
12,0.118,0.8722717293926395,2.7484134511807747,1.1208021363100102,2.1803845936801456
13,0.118,0.8722718036033842,2.748414037267407,1.1208019085840544,2.1803845936625703
1,0.118,0.8770869259043729,2.7996959478428276,1.1369332281582682,2.758877319747155
2,0.118,0.8764978159581394,2.8037914665499124,1.125624112054826,2.661070960813263
3,0.118,0.8765894127993966,2.8062424986222467,1.1166262347893043,2.6391249634631606
4,0.118,0.8799237590611033,2.785642460959769,1.107979905896697,2.6150564353774
5,0.118,0.8864149813334479,2.723115752995635,1.0899015547785744,2.574878815478753
6,0.118,0.8870329308505454,2.703120896700607,1.0869472755901168,2.5695635051809917
7,0.118,0.8866529470335485,2.7038427478201945,1.0877645534837517,2.5694167231300833
8,0.118,0.8865619276503224,2.7042969065039455,1.0879753833606707,2.569412886273689
9,0.118,0.8865616299880658,2.704303187739173,1.0879764895075297,2.569412885879765
1,0.118,0.8976338064530343,2.8173100091700984,1.1118503149638914,3.1644323551130955
2,0.118,0.8790947952176812,2.8081333117913805,1.1208317745914305,2.5815259647983795
3,0.118,0.877323818671304,2.8081942026118214,1.1184528894026748,2.5665082708216733
4,0.118,0.8773357614586736,2.8087053381609373,1.1155978932328163,2.5628827271815338
5,0.118,0.8777418616479759,2.807894516600746,1.1139069402486534,2.560774680364515
6,0.118,0.8786350429067238,2.7984288248223095,1.108454198890334,2.5499852855207465
7,0.118,0.8819119037797959,2.7698421817694303,1.096922171921339,2.526108451229606
8,0.118,0.8858346651627138,2.7247448929252647,1.0851873803906342,2.4989642256925952
9,0.118,0.888157030445325,2.716412999085446,1.0832189479955034,2.494641797231344
10,0.118,0.8886310848777788,2.697449369885083,1.0818579508842017,2.486997278484574
11,0.118,0.8880722093323229,2.69817279932077,1.0841250376559473,2.4859527825571344
12,0.118,0.8878797237143313,2.699709379749124,1.0848929144685797,2.485909893007513
13,0.118,0.8878739266262089,2.6998268179811067,1.084922682256589,2.4859097561406758
14,0.118,0.8878738495486787,2.6998312699786546,1.0849230855920349,2.4859097558564818
1,0.118,0.9092280989341078,2.826735177519591,1.0976964081864495,3.8957758519554377
2,0.118,0.8807246624517631,2.809913270050524,1.1178608935179055,2.616566552740781
3,0.118,0.8782598438757548,2.8092673791344036,1.1166154922951261,2.5995620013213316
4,0.118,0.8780694603449214,2.809542277237355,1.1143200298473253,2.596205411262327
5,0.118,0.8783972131744544,2.809013521183626,1.1122839442027688,2.594114910478821
6,0.118,0.8787425718090424,2.8034209461367547,1.1091298756373211,2.5873808842084807
7,0.118,0.881259503958733,2.775138899181929,1.0977354635355556,2.5628437307864367
8,0.118,0.884984114027578,2.734693010317177,1.0863088762684543,2.536763252469556
9,0.118,0.8895417536385188,2.697400293005748,1.0807101872382625,2.518485212878029
10,0.118,0.8887675127334322,2.6950969480754656,1.082250297086606,2.516737818108886
11,0.118,0.888479852285953,2.6967699825664417,1.0832519569667338,2.5166483913534883
12,0.118,0.8884674407194432,2.6969812641563466,1.0833373829547304,2.516647658376674
13,0.118,0.8884674758520607,2.696988037917203,1.0833386320408924,2.516647657580377
1,0.118,0.8817243874465774,2.805032795340359,1.1312719772919924,2.7768176356585714
2,0.118,0.8801808767067861,2.808724458500202,1.1207977955022708,2.6746556122416596
3,0.118,0.8792563370120388,2.8113251005839945,1.1106602698926689,2.644125821715786
4,0.118,0.8821276912368325,2.7872108988018622,1.1025255671154786,2.615794592346294
5,0.118,0.8889081665201638,2.7054231933255464,1.0827766288416503,2.5679203068732455
6,0.118,0.8888180687890785,2.694869371654398,1.082366383642704,2.5658144310830457
7,0.118,0.8886923039342527,2.695891080455549,1.082715836979342,2.5658034921922814
8,0.118,0.8886834701745024,2.6959570787848137,1.082738087356029,2.5658034483474017
9,0.118,0.8886834832343042,2.695957061935828,1.082738089611114,2.5658034483469776
1,0.118,0.8973814344681607,2.8173873176896302,1.112158401856901,3.0577274211327428
2,0.118,0.8819557795119036,2.810474304230054,1.1174206038958976,2.6218498550270883
3,0.118,0.8800172774439704,2.810999354252603,1.113694627738551,2.5992817650026945
4,0.118,0.8798755258432134,2.8118952355021434,1.1092617979603963,2.5922512647257507
5,0.118,0.880269729943799,2.8105018103779176,1.1077452859433143,2.5894986350891194
6,0.118,0.8820357503385329,2.79619046858566,1.1003666772143548,2.5734150614306714
7,0.118,0.8851893723986479,2.7619851323348095,1.0892756371176977,2.5460385187717653
8,0.118,0.8891184776749852,2.7077107648852246,1.0777385833310213,2.515871590525928
9,0.118,0.8924153260548267,2.686408694186016,1.0775610961383437,2.513682402781713
10,0.118,0.890471431642062,2.687676535523574,1.0778066692380306,2.507328665506881
11,0.118,0.8898720200254228,2.6900786508331085,1.0792776348347717,2.5068468910251585
12,0.118,0.8897671519740724,2.6906019604415703,1.0798002965475797,2.5068100933423194
13,0.118,0.8897738558005653,2.6905982861274924,1.079818371302707,2.5068098891987147
14,0.118,0.8897741161677127,2.690603554055022,1.079819515166176,2.5068098884255523
1,0.118,0.8988462043682373,2.8185431251954833,1.110370261989813,3.004459253773256
2,0.118,0.8823086753304739,2.8106476285165267,1.1172025233770242,2.5266055948924793
3,0.118,0.8803303357788063,2.8111385874233727,1.1135577281341478,2.504052851737885
4,0.118,0.8800353744795039,2.812088923827194,1.1088320648612429,2.4963230595434553
5,0.118,0.8803952989072344,2.810793672994812,1.1074214588424136,2.4938907262005925
6,0.118,0.8820049073782715,2.797780598541816,1.1007403996302938,2.480012744196451
7,0.118,0.8848269855821602,2.7660015671506746,1.0904875252383643,2.455817115838562
8,0.118,0.888595938078183,2.712986806526122,1.0791708748673043,2.4272348306505243
9,0.118,0.8914155446818848,2.6891717222527096,1.0789826039265427,2.4211435347003665
10,0.118,0.8899578725071566,2.689611227521679,1.0792516202753473,2.4174843316302144
11,0.118,0.8894470577277097,2.692190500191067,1.0805083840351928,2.4172175189413343
12,0.118,0.8893980671481088,2.692557342212563,1.0807791565183393,2.41720894086136
13,0.118,0.889400640780494,2.6925630684199118,1.0807887422863252,2.4172089027170203
14,0.118,0.8894007853107677,2.692564102676345,1.080788916535089,2.4172089026445502
1,0.118,0.8904817527663021,2.8119429786855408,1.1205812919781863,2.91386857650711
2,0.118,0.8825951609294649,2.81061522016475,1.117620698668823,2.7503196636139076
3,0.118,0.8801887581663987,2.812086676171041,1.111052512982123,2.7186878823389593
4,0.118,0.880438718119839,2.812733343708963,1.10741472102105,2.7140368389058738
5,0.118,0.8808226485838196,2.8099261407893183,1.1058337960204625,2.7100985866971268
6,0.118,0.884364095203762,2.772076165826425,1.0924966248924208,2.677050047030247
7,0.118,0.8876309905753142,2.7269541030893305,1.0822713057385527,2.652018161523636
8,0.118,0.8897539899571375,2.691601421318141,1.080397254742611,2.6388402149883876
9,0.118,0.88907645766568,2.6930768764616575,1.0808856277126948,2.638634489348068
10,0.118,0.8891757808578175,2.6938807116417016,1.0811709614563605,2.638586683221437
11,0.118,0.889168261140341,2.6939957551189697,1.0812221708912626,2.638586419283363
12,0.118,0.8891671464976524,2.694004017495093,1.0812258530171073,2.6385864179466276
1,0.118,0.8907647692157433,2.8121662987691436,1.1202357953945514,3.130012773735927
2,0.118,0.8836624006625451,2.8115910172608047,1.1159007021715044,2.9782274745817077
3,0.118,0.8809893517687541,2.813445678354533,1.107920435875251,2.940869438108069
4,0.118,0.8813378346226398,2.8138052719133806,1.1047497272417237,2.936968997945184
5,0.118,0.8817219302784041,2.8107691541771245,1.102999785558806,2.932601111260001
6,0.118,0.8850684872075566,2.7740339381497185,1.0899281463402597,2.8988662889956665
7,0.118,0.8885520505560699,2.7263336632085986,1.0789328833173646,2.8699883951881873
8,0.118,0.8907819926212786,2.683975114407314,1.0752253243784866,2.8522009996595292
9,0.118,0.8907179329336651,2.6846238804597506,1.0767594132173772,2.8516712488317837
10,0.118,0.8905294308441926,2.685710632916406,1.0772071885858125,2.851643255489361
11,0.118,0.8905261325897089,2.685826137310998,1.0772275121756059,2.8516431532376845
12,0.118,0.8905261126545011,2.68582573579476,1.0772273169699738,2.8516431532302184
1,0.118,0.8492010599518032,2.78038937929932,1.1695899319821885,1.7150882728497772
2,0.118,0.8489926068519912,2.78053532567085,1.1698051863364343,1.7147396832985564
3,0.118,0.8471199327216995,2.782051019768112,1.1728253359587049,1.7119002970110335
4,0.118,0.8452891224769146,2.783903553355856,1.176896557055576,1.709342799256606
5,0.118,0.8433974326836293,2.7879931737244013,1.1822873126504427,1.705853062293178
6,0.118,0.8410896141059211,2.797831564881656,1.1896229248079448,1.7004117153343523
7,0.118,0.8385654842253065,2.815169114712113,1.1984737041756703,1.693854100007085
8,0.118,0.8371923360580126,2.8303647599493966,1.2033412096783629,1.6896705239163883
9,0.118,0.836475133602034,2.8406067499842718,1.2047475084208485,1.6874289110334455
10,0.118,0.8367454467742494,2.8411531642314185,1.2035097681981128,1.6871521831314686
11,0.118,0.8368970593610395,2.840366719982283,1.2029638287195552,1.6871397961899468
12,0.118,0.8369167491251677,2.840181857433723,1.2028926378563922,1.687139510129726
13,0.118,0.8369149615005653,2.8401753574864457,1.202895531532226,1.68713950843909
14,0.118,0.836917241788903,2.8401667375552857,1.202890832225366,1.6871395083476959
1,0.118,0.8522100702483733,2.7804948294817122,1.1695809607970418,1.988767491205638
2,0.118,0.8546472180502502,2.7831954363758493,1.163992811590677,1.9731185557431983
3,0.118,0.8567377928422902,2.7870205949517874,1.1560531399363958,1.9637787569593288
4,0.118,0.8567558743052854,2.7871590424599777,1.1560445322621022,1.9637688951569456
5,0.118,0.8567607583159865,2.7884331390295642,1.1562505474945792,1.9637031209169464
6,0.118,0.8566183977864852,2.7899770738964604,1.156740342086322,1.9636393780869925
7,0.118,0.8562367898578472,2.7923077074183453,1.1577466312847247,1.9635611815603111
8,0.118,0.8559862485064819,2.7930897304951507,1.1582821754298187,1.9635374588575711
9,0.118,0.8559427671769281,2.7930077201995247,1.1583450882780122,1.963535507781222
10,0.118,0.855946366445563,2.7929402408379547,1.1583282990443629,1.9635354550131303
11,0.118,0.8559475695749545,2.7929320594747766,1.1583249035746872,1.9635354544965171
1,0.118,0.8580539235325029,2.782071586942159,1.1677665138954145,2.134060512485773
2,0.118,0.8571200510798964,2.7826142419239073,1.165570127935741,2.11225761012418
3,0.118,0.857681429960339,2.785801730074992,1.155787111142622,2.0669031864172567
4,0.118,0.8605102460709351,2.7888670581319746,1.1472903049844865,2.046483710118209
5,0.118,0.8630211083717763,2.789322426260318,1.1438832582648708,2.041814781753969
6,0.118,0.8630516770164974,2.7892644511338855,1.1436073961988011,2.0417598898683873
7,0.118,0.8631475055413408,2.7888103795762964,1.143030410090996,2.0416249255776613
8,0.118,0.8633738273146627,2.787347832980131,1.1419850678137975,2.041329431632044
9,0.118,0.8639039750883615,2.7833647420084278,1.139992072867298,2.0406853938694005
10,0.118,0.8647634255530323,2.7762128802739823,1.1373493837625652,2.039732913923449
11,0.118,0.8655147006746848,2.7691193726899646,1.1357659031335994,2.038922916722606
12,0.118,0.8656287524794068,2.76757283573923,1.1359746828656234,2.03876408044016
13,0.118,0.865559444212351,2.7680033227473975,1.1362974429700587,2.0387549091760353
14,0.118,0.8655390603864008,2.7681574770073767,1.1363635235441776,2.0387546951853155
15,0.118,0.8655379059284652,2.768167275200547,1.1363661241811123,2.038754694379335
1,0.118,0.8626851104166536,2.7849907271270027,1.1628255809961103,2.338906179184877
2,0.118,0.8634779969211726,2.786868068066725,1.157491692304378,2.2881558984006283
3,0.118,0.8671755155578198,2.793916100086277,1.1348920972998382,2.1943294657724746
4,0.118,0.8674895063231274,2.793103237136329,1.1346714477589517,2.193722491090118
5,0.118,0.868625843329958,2.788477990389974,1.133209681712505,2.191643319465128
6,0.118,0.8698651008206683,2.78084649040688,1.1308179594527046,2.189017456982486
7,0.118,0.8718920019246075,2.7638455734257334,1.1255013294451515,2.1843154337757746
8,0.118,0.8728489036557638,2.7499507836280617,1.1211634977739071,2.1811625955619136
9,0.118,0.8726052843624151,2.746984871511568,1.120286568772812,2.1804386924252213
10,0.118,0.8723231593624023,2.7480468796213504,1.1206768411577686,2.1803856664574766
11,0.118,0.8722734298467318,2.748392323639559,1.1207950361577934,2.180384597672893
12,0.118,0.8722717293926395,2.7484134511807747,1.1208021363100102,2.1803845936801456
13,0.118,0.8722718036033842,2.748414037267407,1.1208019085840544,2.1803845936625703
1,0.118,0.8770869259043729,2.7996959478428276,1.1369332281582682,2.758877319747155
2,0.118,0.8764978159581394,2.8037914665499124,1.125624112054826,2.661070960813263
3,0.118,0.8765894127993966,2.8062424986222467,1.1166262347893043,2.6391249634631606
4,0.118,0.8799237590611033,2.785642460959769,1.107979905896697,2.6150564353774
5,0.118,0.8864149813334479,2.723115752995635,1.0899015547785744,2.574878815478753
6,0.118,0.8870329308505454,2.703120896700607,1.0869472755901168,2.5695635051809917
7,0.118,0.8866529470335485,2.7038427478201945,1.0877645534837517,2.5694167231300833
8,0.118,0.8865619276503224,2.7042969065039455,1.0879753833606707,2.569412886273689
9,0.118,0.8865616299880658,2.704303187739173,1.0879764895075297,2.569412885879765
1,0.118,0.8976338064530343,2.8173100091700984,1.1118503149638914,3.1644323551130955
2,0.118,0.8790947952176812,2.8081333117913805,1.1208317745914305,2.5815259647983795
3,0.118,0.877323818671304,2.8081942026118214,1.1184528894026748,2.5665082708216733
4,0.118,0.8773357614586736,2.8087053381609373,1.1155978932328163,2.5628827271815338
5,0.118,0.8777418616479759,2.807894516600746,1.1139069402486534,2.560774680364515
6,0.118,0.8786350429067238,2.7984288248223095,1.108454198890334,2.5499852855207465
7,0.118,0.8819119037797959,2.7698421817694303,1.096922171921339,2.526108451229606
8,0.118,0.8858346651627138,2.7247448929252647,1.0851873803906342,2.4989642256925952
9,0.118,0.888157030445325,2.716412999085446,1.0832189479955034,2.494641797231344
10,0.118,0.8886310848777788,2.697449369885083,1.0818579508842017,2.486997278484574
11,0.118,0.8880722093323229,2.69817279932077,1.0841250376559473,2.4859527825571344
12,0.118,0.8878797237143313,2.699709379749124,1.0848929144685797,2.485909893007513
13,0.118,0.8878739266262089,2.6998268179811067,1.084922682256589,2.4859097561406758
14,0.118,0.8878738495486787,2.6998312699786546,1.0849230855920349,2.4859097558564818
1,0.118,0.9092280989341078,2.826735177519591,1.0976964081864495,3.8957758519554377
2,0.118,0.8807246624517631,2.809913270050524,1.1178608935179055,2.616566552740781
3,0.118,0.8782598438757548,2.8092673791344036,1.1166154922951261,2.5995620013213316
4,0.118,0.8780694603449214,2.809542277237355,1.1143200298473253,2.596205411262327
5,0.118,0.8783972131744544,2.809013521183626,1.1122839442027688,2.594114910478821
6,0.118,0.8787425718090424,2.8034209461367547,1.1091298756373211,2.5873808842084807
7,0.118,0.881259503958733,2.775138899181929,1.0977354635355556,2.5628437307864367
8,0.118,0.884984114027578,2.734693010317177,1.0863088762684543,2.536763252469556
9,0.118,0.8895417536385188,2.697400293005748,1.0807101872382625,2.518485212878029
10,0.118,0.8887675127334322,2.6950969480754656,1.082250297086606,2.516737818108886
11,0.118,0.888479852285953,2.6967699825664417,1.0832519569667338,2.5166483913534883
12,0.118,0.8884674407194432,2.6969812641563466,1.0833373829547304,2.516647658376674
13,0.118,0.8884674758520607,2.696988037917203,1.0833386320408924,2.516647657580377
1,0.118,0.8817243874465774,2.805032795340359,1.1312719772919924,2.7768176356585714
2,0.118,0.8801808767067861,2.808724458500202,1.1207977955022708,2.6746556122416596
3,0.118,0.8792563370120388,2.8113251005839945,1.1106602698926689,2.644125821715786
4,0.118,0.8821276912368325,2.7872108988018622,1.1025255671154786,2.615794592346294
5,0.118,0.8889081665201638,2.7054231933255464,1.0827766288416503,2.5679203068732455
6,0.118,0.8888180687890785,2.694869371654398,1.082366383642704,2.5658144310830457
7,0.118,0.8886923039342527,2.695891080455549,1.082715836979342,2.5658034921922814
8,0.118,0.8886834701745024,2.6959570787848137,1.082738087356029,2.5658034483474017
9,0.118,0.8886834832343042,2.695957061935828,1.082738089611114,2.5658034483469776
1,0.118,0.8973814344681607,2.8173873176896302,1.112158401856901,3.0577274211327428
2,0.118,0.8819557795119036,2.810474304230054,1.1174206038958976,2.6218498550270883
3,0.118,0.8800172774439704,2.810999354252603,1.113694627738551,2.5992817650026945
4,0.118,0.8798755258432134,2.8118952355021434,1.1092617979603963,2.5922512647257507
5,0.118,0.880269729943799,2.8105018103779176,1.1077452859433143,2.5894986350891194
6,0.118,0.8820357503385329,2.79619046858566,1.1003666772143548,2.5734150614306714
7,0.118,0.8851893723986479,2.7619851323348095,1.0892756371176977,2.5460385187717653
8,0.118,0.8891184776749852,2.7077107648852246,1.0777385833310213,2.515871590525928
9,0.118,0.8924153260548267,2.686408694186016,1.0775610961383437,2.513682402781713
10,0.118,0.890471431642062,2.687676535523574,1.0778066692380306,2.507328665506881
11,0.118,0.8898720200254228,2.6900786508331085,1.0792776348347717,2.5068468910251585
12,0.118,0.8897671519740724,2.6906019604415703,1.0798002965475797,2.5068100933423194
13,0.118,0.8897738558005653,2.6905982861274924,1.079818371302707,2.5068098891987147
14,0.118,0.8897741161677127,2.690603554055022,1.079819515166176,2.5068098884255523
1,0.118,0.8988462043682373,2.8185431251954833,1.110370261989813,3.004459253773256
2,0.118,0.8823086753304739,2.8106476285165267,1.1172025233770242,2.5266055948924793
3,0.118,0.8803303357788063,2.8111385874233727,1.1135577281341478,2.504052851737885
4,0.118,0.8800353744795039,2.812088923827194,1.1088320648612429,2.4963230595434553
5,0.118,0.8803952989072344,2.810793672994812,1.1074214588424136,2.4938907262005925
6,0.118,0.8820049073782715,2.797780598541816,1.1007403996302938,2.480012744196451
7,0.118,0.8848269855821602,2.7660015671506746,1.0904875252383643,2.455817115838562
8,0.118,0.888595938078183,2.712986806526122,1.0791708748673043,2.4272348306505243
9,0.118,0.8914155446818848,2.6891717222527096,1.0789826039265427,2.4211435347003665
10,0.118,0.8899578725071566,2.689611227521679,1.0792516202753473,2.4174843316302144
11,0.118,0.8894470577277097,2.692190500191067,1.0805083840351928,2.4172175189413343
12,0.118,0.8893980671481088,2.692557342212563,1.0807791565183393,2.41720894086136
13,0.118,0.889400640780494,2.6925630684199118,1.0807887422863252,2.4172089027170203
14,0.118,0.8894007853107677,2.692564102676345,1.080788916535089,2.4172089026445502
1,0.118,0.8904817527663021,2.8119429786855408,1.1205812919781863,2.91386857650711
2,0.118,0.8825951609294649,2.81061522016475,1.117620698668823,2.7503196636139076
3,0.118,0.8801887581663987,2.812086676171041,1.111052512982123,2.7186878823389593
4,0.118,0.880438718119839,2.812733343708963,1.10741472102105,2.7140368389058738
5,0.118,0.8808226485838196,2.8099261407893183,1.1058337960204625,2.7100985866971268
6,0.118,0.884364095203762,2.772076165826425,1.0924966248924208,2.677050047030247
7,0.118,0.8876309905753142,2.7269541030893305,1.0822713057385527,2.652018161523636
8,0.118,0.8897539899571375,2.691601421318141,1.080397254742611,2.6388402149883876
9,0.118,0.88907645766568,2.6930768764616575,1.0808856277126948,2.638634489348068
10,0.118,0.8891757808578175,2.6938807116417016,1.0811709614563605,2.638586683221437
11,0.118,0.889168261140341,2.6939957551189697,1.0812221708912626,2.638586419283363
12,0.118,0.8891671464976524,2.694004017495093,1.0812258530171073,2.6385864179466276
1,0.118,0.8907647692157433,2.8121662987691436,1.1202357953945514,3.130012773735927
2,0.118,0.8836624006625451,2.8115910172608047,1.1159007021715044,2.9782274745817077
3,0.118,0.8809893517687541,2.813445678354533,1.107920435875251,2.940869438108069
4,0.118,0.8813378346226398,2.8138052719133806,1.1047497272417237,2.936968997945184
5,0.118,0.8817219302784041,2.8107691541771245,1.102999785558806,2.932601111260001
6,0.118,0.8850684872075566,2.7740339381497185,1.0899281463402597,2.8988662889956665
7,0.118,0.8885520505560699,2.7263336632085986,1.0789328833173646,2.8699883951881873
8,0.118,0.8907819926212786,2.683975114407314,1.0752253243784866,2.8522009996595292
9,0.118,0.8907179329336651,2.6846238804597506,1.0767594132173772,2.8516712488317837
10,0.118,0.8905294308441926,2.685710632916406,1.0772071885858125,2.851643255489361
11,0.118,0.8905261325897089,2.685826137310998,1.0772275121756059,2.8516431532376845
12,0.118,0.8905261126545011,2.68582573579476,1.0772273169699738,2.8516431532302184
1,0.11801283072620043,0.8734802289468053,2.7985275686334354,1.1413361576682168,3.1984672403139833
2,0.11823597136597322,0.887015302827034,2.8092519327461294,1.1246917143711919,2.456507470918238
3,0.11845636704657188,0.8851373831906219,2.807802348959489,1.1268890019373892,2.442954039426715
4,0.11951471665788951,0.8786235969107857,2.80284154872214,1.1342875952643536,2.4122701724111173
5,0.11968517964063684,0.8779943166789207,2.802762126942235,1.133369090381366,2.402364678587641
6,0.11971331325627006,0.8777199201222006,2.803191301598462,1.1310498352933742,2.3928085499433625
7,0.11953419281533276,0.8776892737670586,2.804647388310195,1.1249524067527508,2.374463473467572
8,0.11900076908768058,0.8781254295159828,2.8073326374115593,1.1146356595181373,2.349952873879752
9,0.1184904304254988,0.8771449007104416,2.807865139187979,1.1081911535890752,2.331141623534095
10,0.11793700318244357,0.8798513444821942,2.8102592358802445,1.1032430190592153,2.325074350004387
11,0.1177772090403349,0.8807077108016204,2.810538269916668,1.102501406419531,2.324095887401861
12,0.11772486631687454,0.8809879452196978,2.8105237784211172,1.1022578917424914,2.323887678269247
13,0.11766993999243869,0.8812896455334498,2.8103092973058983,1.101967172013636,2.3235220782708756
14,0.11757084422961699,0.8818698064859178,2.809282938995798,1.101387474363081,2.3223862864642117
15,0.11744575337691285,0.8827105827653561,2.8061681209307907,1.10056857916828,2.319616386923306
16,0.11730786147107036,0.8839719464598925,2.7971924623534603,1.0993493654364224,2.312508556137702
17,0.11727964735664259,0.885533538208525,2.7742938657410585,1.0980198282508289,2.2957474663632955
18,0.11774271233042,0.8865412663167629,2.7220651753341234,1.098622980934361,2.25964346444468
19,0.11950531278717844,0.8846503227173826,2.61807776831312,1.106710903354971,2.1899134424996127
20,0.11988149354266314,0.8820058418360143,2.6067211449650878,1.110297228823561,2.1843480842235223
21,0.12042397001001329,0.8805055669863879,2.5760201271371272,1.1140266936055263,2.1820002419561595
22,0.123,0.8756216154540902,2.4717838846542164,1.1266502283543136,2.108664575278426
23,0.123,0.8744518670876545,2.4854794091042356,1.1270752054774706,2.1050310396571703
24,0.123,0.8738241424291083,2.491093304653526,1.1269496954112628,2.103575829208569
25,0.123,0.8731844851321279,2.4933249981590775,1.1259752256067972,2.1009569895235196
26,0.123,0.8724642742297976,2.4833796884491206,1.1222007732885393,2.0948112884562926
27,0.123,0.8727496828235966,2.468880315456766,1.1186156034831878,2.091886659064086
28,0.123,0.8732828140494444,2.4606390283373103,1.117644485236363,2.0913866829756818
29,0.123,0.8733634252667197,2.4609100494710887,1.1175783099901377,2.091360697474789
30,0.123,0.8733948918244338,2.460735817874103,1.1176256266680862,2.0913586479308526
31,0.123,0.8733971147163604,2.460755389889761,1.1176382498601967,2.0913586181918653
32,0.123,0.8733970575990962,2.4607573269268435,1.1176386347737504,2.091358618165884
1,0.1180141278424376,0.8758539516608317,2.800400604479913,1.1384383999943726,3.3302604559062523
2,0.11837020007345866,0.8892821077354187,2.811038688807941,1.121927820180532,2.5479371049877813
3,0.11871009912200484,0.8867035627801505,2.80903323862627,1.1249860634877582,2.5187616359787883
4,0.12089322002717635,0.8738954163420846,2.7991298047489415,1.1398629297803757,2.442778284100605
5,0.12070602066602794,0.8746848845490215,2.7997639840295627,1.1387058512372328,2.441069074563607
6,0.12060199198669691,0.8750513633810347,2.800081619438994,1.137944875240226,2.4399989895088035
7,0.12040193912925666,0.8756741639035696,2.800677686576422,1.1361157099326238,2.437168114008869
8,0.12006619111117578,0.876584845677895,2.8016726269007033,1.1322620011499291,2.4309059760126055
9,0.11954074114650583,0.8777624831089024,2.8032250106158907,1.124708547891302,2.418724318383535
10,0.11906313350108205,0.8784095240468216,2.804582014572705,1.1154097494096504,2.4046652455712363
11,0.11908389381354553,0.8774805664588193,2.803840048299817,1.1117746753254867,2.395778832494978
12,0.11936821804934808,0.8761938455928836,2.8024206613426483,1.1127492119605855,2.3923668274384196
13,0.11948594601575882,0.8758907021006821,2.801955270227972,1.1139280367434337,2.392019885906799
14,0.1195240660870526,0.8758117704701407,2.8017553885879307,1.1144043069949963,2.391866026477847
15,0.11964431066516053,0.8755705748379559,2.8008492137295184,1.115912346126181,2.391095481846254
16,0.11982730502141024,0.8751581828120547,2.7988212227269873,1.1181087939898058,2.3893415078620133
17,0.12016335937900317,0.8743786869892733,2.7934295543214183,1.1219508275595107,2.3845485571336127
18,0.12071907387112844,0.8731336293568361,2.780474313687911,1.1279161551720809,2.372726905764615
19,0.12163178765614358,0.871296670007625,2.74941663042709,1.1368390803191548,2.343738005480027
20,0.12298935841233012,0.8689946953766874,2.6808867562348877,1.1479277837444144,2.278506857155295
21,0.12299328385028173,0.8689701575505415,2.6331058003692975,1.1509056810662863,2.2262729396984424
22,0.123,0.8698953920135288,2.6039726043699702,1.1453020640641507,2.166427693293835
23,0.123,0.8752335930604318,2.4378435183976928,1.1113616910812218,2.004824682176761
24,0.123,0.8752713594735293,2.444718194228491,1.111260814818663,2.004048855588117
25,0.123,0.8752847638699646,2.443531711955313,1.111169423504017,2.0040358295371417
26,0.123,0.8752942570551164,2.443400122117094,1.1111619824229813,2.0040348563157555
27,0.123,0.8753411483050706,2.443122668961479,1.1111900437477125,2.004031347181795
28,0.123,0.8753521585191772,2.443423525784008,1.1112610055422163,2.00403091911232
29,0.123,0.8753529038995003,2.4432834284748535,1.1112374516714711,2.004030785844043
30,0.123,0.8753531366279004,2.4432807932906164,1.1112373710248704,2.004030785774943
1,0.11800467595186695,0.8685476400127982,2.671939027227332,1.1285731977829851,1.6138045828766674
2,0.11919059458734299,0.8637924987863403,2.670873853464435,1.1293394426324075,1.5442723466051316
3,0.11920047194088629,0.8636421368401849,2.670830943193883,1.1294051580150362,1.5440605915955519
4,0.11931239678625649,0.8625986603229793,2.6703170059132826,1.1308451349216568,1.539400711238755
5,0.12004614373989629,0.8573045897958884,2.6667655260071745,1.142187003808987,1.5119457465604695
6,0.12081500623167284,0.853438942675582,2.6624270836516444,1.1564550758868355,1.4850339351570767
7,0.12136195073757156,0.8523947905896362,2.656850862245968,1.16899445795659,1.4654120592374724
8,0.12142734602505971,0.8529937246436203,2.654445450862094,1.1717352137786885,1.462406827001124
9,0.12144371459402901,0.8533177406821808,2.65320029995218,1.1721752235641136,1.4616282231606057
10,0.1214749933896812,0.8538624380749178,2.649871918753405,1.1726166581136137,1.4597688709175454
11,0.12157935784045922,0.8545937827924017,2.641081139409637,1.1733537815795916,1.45527017726739
12,0.12163790061501335,0.8547772756297498,2.636202274390983,1.1736898499529713,1.452452043227152
13,0.12222201661570051,0.8546464669632886,2.568656761756187,1.1796256692376643,1.4284285477431742
14,0.12261195294787929,0.8545373479793235,2.5553258031074892,1.1808265339447133,1.411779900357325
15,0.12262760855339382,0.854459233669513,2.550667191514166,1.18116217336087,1.4114808491371598
16,0.12281400515206964,0.8543766335704905,2.546799885975439,1.1814236180596345,1.4042193746229112
17,0.1228218098099263,0.8542413538987212,2.54027357955533,1.181878804912028,1.403443018598151
18,0.123,0.8527743067770313,2.5304839479269505,1.1808059821860788,1.3823654951495297
19,0.123,0.850621331968318,2.5263650211540005,1.1753462469928138,1.3659087327123571
20,0.123,0.8506773280106331,2.5201185117314915,1.1724705375265996,1.3613586007855962
21,0.123,0.8523850352944492,2.4914547362200827,1.162580949002206,1.3498266083507873
22,0.123,0.8540782226760426,2.4771727628549214,1.1592807428768015,1.3467975083475725
23,0.123,0.8544044044834186,2.475575015089645,1.1592435493829192,1.3466751451089247
24,0.123,0.8544080855330756,2.4757330358072402,1.159334595825972,1.346674047689214
25,0.123,0.8544062885042495,2.4757617812691586,1.1593460828822473,1.3466740383384332
26,0.123,0.8544062016088865,2.475762521263648,1.1593462697008128,1.3466740383330589
1,0.118,0.8669120771457297,2.6715680007303684,1.128846211705109,1.6174548918324991
2,0.118,0.8685973877501971,2.672525178407527,1.127391674372544,1.611003523265158
3,0.118,0.869164792564593,2.673658744631555,1.1254440165168387,1.607314959485014
4,0.118,0.8689675527844626,2.675898509255824,1.1225864777373282,1.6038867857972607
5,0.118,0.8687014888591604,2.677491488101192,1.122308760036495,1.6029801612888324
6,0.118,0.8677693108924042,2.684558789632746,1.1225478699805531,1.6000994102998614
7,0.118,0.8667760547827034,2.69528475245898,1.1241340703543294,1.5965067023145134
8,0.118,0.8655869977372938,2.7149786453604756,1.1282979564279667,1.5910137812227028
9,0.118,0.866361802019966,2.721486217194003,1.1293965915031867,1.589266519517665
10,0.118,0.8656691595522602,2.7281902438712384,1.1326063958654276,1.5877746057474433
11,0.118,0.8656497280929537,2.727923460456072,1.1332609805147138,1.5876439649375236
12,0.118,0.8656888331316612,2.727413724155539,1.1332338413096834,1.5876040423794182
13,0.118,0.8656949649904185,2.727351853456108,1.133221211736746,1.5876040097657074
14,0.118,0.8656951222900542,2.7273493185226654,1.133220323488318,1.587604009694727
1,0.118,0.8669120771457297,2.6715680007303684,1.128846211705109,1.6174548918324991
2,0.118,0.8685973877501971,2.672525178407527,1.127391674372544,1.611003523265158
3,0.118,0.869164792564593,2.673658744631555,1.1254440165168387,1.607314959485014
4,0.118,0.8689675527844626,2.675898509255824,1.1225864777373282,1.6038867857972607
5,0.118,0.8687014888591604,2.677491488101192,1.122308760036495,1.6029801612888324
6,0.118,0.8677693108924042,2.684558789632746,1.1225478699805531,1.6000994102998614
7,0.118,0.8667760547827034,2.69528475245898,1.1241340703543294,1.5965067023145134
8,0.118,0.8655869977372938,2.7149786453604756,1.1282979564279667,1.5910137812227028
9,0.118,0.866361802019966,2.721486217194003,1.1293965915031867,1.589266519517665
10,0.118,0.8656691595522602,2.7281902438712384,1.1326063958654276,1.5877746057474433
11,0.118,0.8656497280929537,2.727923460456072,1.1332609805147138,1.5876439649375236
12,0.118,0.8656888331316612,2.727413724155539,1.1332338413096834,1.5876040423794182
13,0.118,0.8656949649904185,2.727351853456108,1.133221211736746,1.5876040097657074
14,0.118,0.8656951222900542,2.7273493185226654,1.133220323488318,1.587604009694727
1,0.118,0.8621433744863751,2.670759227095846,1.1266418164714787,1.3262073154288496
2,0.118,0.8614688795137588,2.671246070857322,1.1238729442161077,1.3221843358376477
3,0.118,0.8612354521739424,2.6713762036326947,1.1229865272901804,1.3219261807681344
4,0.118,0.8612546958903721,2.6709011100601945,1.1229473252712148,1.321915736766477
5,0.118,0.8613378994085223,2.669379879185035,1.1226406803954676,1.3218979424441584
6,0.118,0.86135545895255,2.6691824055149826,1.1225474583996382,1.3218971333065754
7,0.118,0.8613547846458158,2.669182358280924,1.1225481507121733,1.3218971327774585
1,0.118,0.8621433738225857,2.670759227033149,1.1266418182551268,1.3262073167116502
2,0.118,0.8614688800872348,2.6712460707799215,1.1238729452809921,1.3221843366482087
3,0.118,0.8612354522129541,2.671376203801785,1.122986529329559,1.3219261807791212
4,0.118,0.8612546948489067,2.670901107081234,1.1229471802491142,1.3219157332481437
5,0.118,0.8613379519254722,2.6693792677775274,1.1226402707423464,1.3218979348949373
6,0.118,0.8613554652657411,2.6691822539748467,1.1225474161228488,1.3218971333061276
7,0.118,0.8613547854956044,2.6691823454627315,1.1225481475759582,1.3218971327774343
1,0.118,0.8603158745684186,2.6702779397061387,1.1288006532940953,1.303409100286457
2,0.118,0.8602018545099593,2.6704273079006358,1.1281084957430005,1.302271883862731
3,0.118,0.8602634196928436,2.6705028504876402,1.1278016227223568,1.3018005986244063
1,0.118,0.8603158745684186,2.6702779397061387,1.1288006532940953,1.303409100286457
2,0.118,0.8602018545099593,2.6704273079006358,1.1281084957430005,1.302271883862731
3,0.118,0.8602634196928436,2.6705028504876402,1.1278016227223568,1.3018005986244063
1,0.118,0.8663483632764676,2.671373686039328,1.129254585032661,1.6013645182013965
2,0.118,0.8667688444080321,2.6716031230558124,1.1289570129827946,1.5993238164669676
1,0.118,0.8682814422407541,2.671028465085375,1.128438360654813,4.02235115460511
2,0.118,0.8683257762979317,2.67106900915698,1.1283728763628424,4.014796377262595
1,0.118,0.8682814422407541,2.671028465085375,1.128438360654813,4.02235115460511
2,0.118,0.8683257762979317,2.67106900915698,1.1283728763628424,4.014796377262595
1,0.118,0.8868143721179995,2.6701556474176713,1.089164640862958,2.21970715695645
2,0.118,0.8867069183714039,2.670243971526401,1.0885492230575557,2.2188455859948366
3,0.118,0.8860061749998964,2.670520789329695,1.086728248328876,2.218186688828857
4,0.118,0.885992931092515,2.670551658922577,1.0867910938700236,2.218183035856478
5,0.118,0.885988821845001,2.670583904197972,1.0868156834487515,2.218182089496805
6,0.118,0.8859802640146324,2.6706909346946577,1.086860082775428,2.2181797338392713
7,0.118,0.8859616927472515,2.6709971602098035,1.0869432452548635,2.21817405788794
8,0.118,0.8859290102045079,2.671656338484187,1.0870679952806557,2.2181633990928016
9,0.118,0.8858896960110796,2.6726260961844894,1.087188583930487,2.2181498191739855
10,0.118,0.8858762821241786,2.6732378107801975,1.087198188955993,2.2181415616635136
11,0.118,0.8858770564983798,2.67325858669378,1.087163225432964,2.2181407595825737
12,0.118,0.8858793217371307,2.6732158644276702,1.0871527943954988,2.2181407326213156
13,0.118,0.8858796012335338,2.6732073024103573,1.0871514622447385,2.218140732168144
14,0.118,0.8858796423292525,2.6732071952504994,1.087151492099079,2.2181407321653817
15,0.118,0.8858796436096876,2.6732070636342584,1.0871515069598183,2.218140732164746
1,0.118,0.8830925861669519,2.6612383804353965,1.1192382136032275,2.2675304957606417
2,0.118,0.8587250583876334,2.6533801615243875,1.1427687810408362,1.693601003546548
3,0.118,0.8579245785828673,2.6546016989190084,1.1422164390314602,1.689813148029171
4,0.118,0.8571894993078885,2.657334547833073,1.1419282445647707,1.6850954758243457
5,0.118,0.8557382296663529,2.6657441520384593,1.1426117692710347,1.673048950232808
6,0.118,0.8532106611128267,2.6865113504837317,1.146217088632779,1.646970009004939
7,0.118,0.8497839065858889,2.7258712696486205,1.155337788927593,1.6033351520343817
8,0.118,0.8474921594593422,2.7709509256610594,1.1683143809109364,1.5593258286671197
9,0.118,0.8476929861742175,2.7881775678191643,1.174986406387229,1.545667567334688
10,0.118,0.8482508349970374,2.7861520872641163,1.175515552785226,1.5444798727601052
11,0.118,0.8484517793589933,2.784033891902719,1.1751840515042702,1.5444132456827329
12,0.118,0.8484721003034741,2.7837027703666,1.1750999720168374,1.5444122245201273
13,0.118,0.8484726505570312,2.783689263366555,1.175093961597807,1.5444122201509143
14,0.118,0.8484724758031821,2.7836894743136282,1.1750943516326418,1.5444122200647243
15,0.118,0.8484722970764969,2.7836893135698055,1.1750946589987767,1.5444122200318398
1,0.118,0.882241880378595,2.6586747410957656,1.1277932797141303,2.03146488225019
2,0.118,0.8628183358911786,2.65551824097418,1.1359767374759453,1.5835786448846993
3,0.118,0.8628009844469157,2.656705824541968,1.1343202301021287,1.5815998224496117
4,0.118,0.8625955718275211,2.660070429374956,1.133839032885724,1.5767952430220529
5,0.118,0.8607304225200227,2.6893687690173484,1.1354788601683243,1.5449425082084993
6,0.118,0.8582391447362849,2.7275048413684635,1.1429169445533114,1.5128893549192501
7,0.118,0.8555403502644996,2.768144377874841,1.156799839365975,1.4859938813666622
8,0.118,0.8552672035218489,2.7738562626424375,1.1604100680415836,1.483908113510328
9,0.118,0.8553515351965666,2.7725614487546157,1.1605859821300726,1.483827061630517
10,0.118,0.8553835950651796,2.771989705123868,1.1605146273846125,1.4838239817379386
11,0.118,0.8553856754292022,2.7719498790799686,1.160503269863565,1.4838239670374629
12,0.118,0.8553857209033869,2.7719488782620925,1.1605027312042264,1.4838239670032318
1,0.118,0.8828570884318357,2.660528697644471,1.1216064808942934,1.824976848751661
2,0.118,0.8689771757309552,2.660161109172587,1.1209507787015431,1.6018461497678562
3,0.118,0.8689625871833847,2.662326634380578,1.1202858492188144,1.6003663560804997
4,0.118,0.8684760142502131,2.6741514059378177,1.1206537807107082,1.593071768784354
5,0.118,0.8667860050447765,2.7053935397449984,1.1257054408545433,1.5788010648103652
6,0.118,0.8651340769161413,2.729359013857349,1.1332857070979294,1.5709280440708244
7,0.118,0.8648197826819104,2.7329078512976994,1.135466256019351,1.5703098497123633
8,0.118,0.8648447802903463,2.732197011437415,1.135543380135191,1.5702937051296573
9,0.118,0.8648563183944038,2.731950289105681,1.1355148657481757,1.5702932417903652
10,0.118,0.8648569143884739,2.7319394556173573,1.1355117322722965,1.5702932408074948
11,0.118,0.8648569311490079,2.7319391947563028,1.135511607448483,1.570293240806087
1,0.118,0.8827864330150688,2.662408884231453,1.1117006657092854,1.8171313566106275
2,0.118,0.8746037665774794,2.6633023704696583,1.107732450070781,1.7408603749884977
3,0.118,0.8745942345237475,2.6643281996030526,1.1075438983933974,1.7405471681243374
4,0.118,0.8742686889022626,2.672894462481648,1.1079801859806337,1.7384254272376913
5,0.118,0.8735171029869512,2.686956420520355,1.11044915484286,1.7359182972563902
6,0.118,0.8727525343211361,2.6970156379475743,1.1140526478361086,1.7345787528256824
7,0.118,0.8727073383959473,2.6973720203821427,1.1143888382026277,1.7345620732184923
8,0.118,0.8727118067127805,2.697245119994494,1.1143882522523088,1.734561836523734
9,0.118,0.872712994912408,2.697219740852048,1.114384500426768,1.7345618327144594
10,0.118,0.8727130237131091,2.697219287919665,1.1143843337984245,1.7345618327117054
1,0.118,0.8838176798182332,2.6697193601532176,1.0833580741631608,2.6633233907057914
2,0.118,0.884876897894576,2.6693627131704805,1.082077377475329,2.662395201290782
3,0.118,0.8848142495934259,2.6690513907981153,1.0822115215131707,2.662230959351863
4,0.118,0.8845720203701055,2.6642787259863745,1.082562437453599,2.660574761506691
5,0.118,0.8846906477427027,2.654822208061396,1.081817064147528,2.658132293697421
6,0.118,0.885550913384948,2.6368754735310302,1.0788794307768732,2.6545067354343326
7,0.118,0.8869452319356589,2.6232887934202367,1.0750833293201545,2.652116302421826
8,0.118,0.8872935955734013,2.6217300444021623,1.0738797052285316,2.651869228163509
9,0.118,0.8873086583927096,2.622298017318663,1.073875820921738,2.6518631484357376
10,0.118,0.8873038848191004,2.622415765518883,1.073892960521464,2.651863071433519
11,0.118,0.887303516609627,2.622420388603061,1.0738942507770124,2.6518630712838767
12,0.118,0.8873035098485513,2.6224203671776865,1.0738942396133868,2.65186307128382
